ref;brand;lat;lon;;;operator;fuel;price;isself;updated
10193;Esso;46.1525380;13.0089230;;;Ornella Michele;Benzina;1.959;Servito;20260704
10193;Esso;46.1525380;13.0089230;;;Ornella Michele;Benzina;1.959;SelfService;20260704
10193;Esso;46.1525380;13.0089230;;;Ornella Michele;Gasolio;2.029;Servito;20260704
10193;Esso;46.1525380;13.0089230;;;Ornella Michele;Gasolio;2.029;SelfService;20260704
10193;Esso;46.1525380;13.0089230;;;Ornella Michele;Supreme Diesel;2.149;Servito;20260704
10193;Esso;46.1525380;13.0089230;;;Ornella Michele;Supreme Diesel;2.149;SelfService;20260704
10355;Eni Station;46.1092319;12.8885239;;;;Benzina;1.875;SelfService;20260704
10355;Eni Station;46.1092319;12.8885239;;;;Benzina;2.085;Servito;20260704
10355;Eni Station;46.1092319;12.8885239;;;;Blue Diesel;2.054;SelfService;20260704
10355;Eni Station;46.1092319;12.8885239;;;;Blue Diesel;2.264;Servito;20260704
10355;Eni Station;46.1092319;12.8885239;;;;Blue Super;2.039;SelfService;20260704
10355;Eni Station;46.1092319;12.8885239;;;;Blue Super;2.249;Servito;20260704
10355;Eni Station;46.1092319;12.8885239;;;;GPL;0.792;Servito;20260704
10355;Eni Station;46.1092319;12.8885239;;;;GPL;0.792;SelfService;20260704
10355;Eni Station;46.1092319;12.8885239;;;;Gasolio;1.944;SelfService;20260704
10355;Eni Station;46.1092319;12.8885239;;;;Gasolio;2.154;Servito;20260704
10819;Agip;45.9615074;12.9890621;;;Fratelli Sambucco S.N.C.;Benzina;1.849;SelfService;20260704
10819;Agip;45.9615074;12.9890621;;;Fratelli Sambucco S.N.C.;Benzina;2.069;Servito;20260704
10819;Agip;45.9615074;12.9890621;;;Fratelli Sambucco S.N.C.;Blue Diesel;2.049;SelfService;20260704
10819;Agip;45.9615074;12.9890621;;;Fratelli Sambucco S.N.C.;Blue Diesel;2.269;Servito;20260704
10819;Agip;45.9615074;12.9890621;;;Fratelli Sambucco S.N.C.;Blue Super;1.999;SelfService;20260704
10819;Agip;45.9615074;12.9890621;;;Fratelli Sambucco S.N.C.;Blue Super;2.219;Servito;20260704
10819;Agip;45.9615074;12.9890621;;;Fratelli Sambucco S.N.C.;Gasolio;1.949;SelfService;20260704
10819;Agip;45.9615074;12.9890621;;;Fratelli Sambucco S.N.C.;Gasolio;2.169;Servito;20260704
10954;Esso;46.0491787;13.2484968;;;Bn di Bressan Gianni & C. S.A.S.;Benzina;1.869;SelfService;20260704
10954;Esso;46.0491787;13.2484968;;;Bn di Bressan Gianni & C. S.A.S.;Gasolio Premium;2.079;SelfService;20260704
10954;Esso;46.0491787;13.2484968;;;Bn di Bressan Gianni & C. S.A.S.;Gasolio;1.939;SelfService;20260704
10977;;45.9887044;13.3760320;;;Maurizio Mauri;Benzina;1.899;Servito;20260704
10977;;45.9887044;13.3760320;;;Maurizio Mauri;Gasolio;1.999;Servito;20260704
11076;;46.1048317;13.0935962;;;Stazione Eni di Mazza Giovanni;Benzina;1.865;SelfService;20260704
11076;;46.1048317;13.0935962;;;Stazione Eni di Mazza Giovanni;Benzina;2.075;Servito;20260704
11076;;46.1048317;13.0935962;;;Stazione Eni di Mazza Giovanni;Blue Diesel;2.044;SelfService;20260704
11076;;46.1048317;13.0935962;;;Stazione Eni di Mazza Giovanni;Blue Diesel;2.254;Servito;20260704
11076;;46.1048317;13.0935962;;;Stazione Eni di Mazza Giovanni;Gasolio;1.944;SelfService;20260704
11076;;46.1048317;13.0935962;;;Stazione Eni di Mazza Giovanni;Gasolio;2.154;Servito;20260704
11271;COSTANTIN;46.5837750;12.7817560;;;Enertop S.R.L.;Benzina;1.797;Servito;20260704
11271;COSTANTIN;46.5837750;12.7817560;;;Enertop S.R.L.;Benzina;1.797;SelfService;20260704
11271;COSTANTIN;46.5837750;12.7817560;;;Enertop S.R.L.;Gasolio;1.887;Servito;20260704
11271;COSTANTIN;46.5837750;12.7817560;;;Enertop S.R.L.;Gasolio;1.887;SelfService;20260704
11329;Macorigh;46.0917787;13.2224475;;;;Benzina;1.791;Servito;20260704
11329;Macorigh;46.0917787;13.2224475;;;;Benzina;1.791;SelfService;20260704
11329;Macorigh;46.0917787;13.2224475;;;;Gasolio;1.881;Servito;20260704
11329;Macorigh;46.0917787;13.2224475;;;;Gasolio;1.881;SelfService;20260704
11606;Q8;45.8060980;13.5386540;;;Servizi & Gestioni Italia S.R.L.;Benzina;1.829;SelfService;20260704
11606;Q8;45.8060980;13.5386540;;;Servizi & Gestioni Italia S.R.L.;Gasolio;1.929;SelfService;20260704
11607;Q8 Easy;45.8303280;13.5003754;;;;Benzina;1.849;SelfService;20260704
11607;Q8 Easy;45.8303280;13.5003754;;;;Gasolio;1.905;SelfService;20260704
11608;Q8;45.8860765;13.4962677;;;Servizi & Gestioni Italia S.R.L.;Benzina;1.939;SelfService;20260704
11608;Q8;45.8860765;13.4962677;;;Servizi & Gestioni Italia S.R.L.;Gasolio;2.039;SelfService;20260704
11609;Q8 Easy;45.8021895;13.5415789;;;Servizi & Gestioni Italia S.R.L.;Benzina;1.809;SelfService;20260704
11609;Q8 Easy;45.8021895;13.5415789;;;Servizi & Gestioni Italia S.R.L.;Gasolio;1.909;SelfService;20260704
11610;Q8;45.9344680;13.6069700;;;Servizi & Gestioni Italia S.R.L.;Benzina;1.859;SelfService;20260704
11610;Q8;45.9344680;13.6069700;;;Servizi & Gestioni Italia S.R.L.;Gasolio;1.949;SelfService;20260704
11611;Q8;45.9567353;13.4662431;;;Servizi & Gestioni Italia S.R.L.;Benzina;1.879;SelfService;20260704
11611;Q8;45.9567353;13.4662431;;;Servizi & Gestioni Italia S.R.L.;Gasolio;1.979;SelfService;20260704
11771;Q8 Easy;45.9595317;12.5024528;;;;Benzina;1.869;SelfService;20260704
11771;Q8 Easy;45.9595317;12.5024528;;;;Gasolio;1.979;SelfService;20260704
11772;Q8;45.9178119;12.8661410;;;Servizi & Gestioni Italia S.R.L.;Benzina;1.849;SelfService;20260704
11772;Q8;45.9178119;12.8661410;;;Servizi & Gestioni Italia S.R.L.;Gasolio;1.929;SelfService;20260704
11773;Q8 Easy;45.9661302;12.6399320;;;Servizi & Gestioni Italia S.R.L.;Benzina;1.809;SelfService;20260704
11773;Q8 Easy;45.9661302;12.6399320;;;Servizi & Gestioni Italia S.R.L.;Gasolio;1.859;SelfService;20260704
11776;Q8 Easy;45.9691252;12.6723955;;;Servizi & Gestioni Italia S.R.L.;Benzina;1.904;SelfService;20260704
11776;Q8 Easy;45.9691252;12.6723955;;;Servizi & Gestioni Italia S.R.L.;Gasolio;1.969;SelfService;20260704
11891;Q8;45.6382831;13.7653400;;;Servizi & Gestioni Italia S.R.L.;Benzina;1.899;SelfService;20260704
11891;Q8;45.6382831;13.7653400;;;Servizi & Gestioni Italia S.R.L.;Gasolio;1.969;SelfService;20260704
11892;Shell Aico Uno S.r.l.;45.6994512;13.8299716;;;Servizi & Gestioni Italia S.R.L.;Benzina;1.889;SelfService;20260704
11892;Shell Aico Uno S.r.l.;45.6994512;13.8299716;;;Servizi & Gestioni Italia S.R.L.;Gasolio;1.999;SelfService;20260704
11893;Q8;45.6418319;13.7572249;;;Servizi & Gestioni Italia S.R.L.;Benzina;1.889;SelfService;20260704
11893;Q8;45.6418319;13.7572249;;;Servizi & Gestioni Italia S.R.L.;Gasolio;1.959;SelfService;20260704
11894;Q8;45.6555982;13.8040402;;;Servizi & Gestioni Italia S.R.L.;Benzina;1.904;SelfService;20260704
11894;Q8;45.6555982;13.8040402;;;Servizi & Gestioni Italia S.R.L.;Gasolio;1.964;SelfService;20260704
11905;Q8;46.2632379;13.1079200;;;Servizi & Gestioni Italia S.R.L.;Benzina;1.949;SelfService;20260704
11905;Q8;46.2632379;13.1079200;;;Servizi & Gestioni Italia S.R.L.;Gasolio;2.009;SelfService;20260704
11906;Q8;46.4148157;12.9313779;;;Servizi & Gestioni Italia S.R.L.;Benzina;1.899;SelfService;20260704
11906;Q8;46.4148157;12.9313779;;;Servizi & Gestioni Italia S.R.L.;Gasolio;1.979;SelfService;20260704
11907;Q8Easy;46.0433094;13.1924837;;;Servizi & Gestioni Italia S.R.L.;Benzina;1.849;SelfService;20260704
11907;Q8Easy;46.0433094;13.1924837;;;Servizi & Gestioni Italia S.R.L.;Gasolio;1.945;SelfService;20260704
11908;Q8;45.6693113;13.0945649;;;Servizi & Gestioni Italia S.R.L.;Benzina;1.919;SelfService;20260704
11908;Q8;45.6693113;13.0945649;;;Servizi & Gestioni Italia S.R.L.;Gasolio;1.959;SelfService;20260704
11909;Q8;46.4027055;13.0175193;;;Servizi & Gestioni Italia S.R.L.;Benzina;1.829;SelfService;20260704
11909;Q8;46.4027055;13.0175193;;;Servizi & Gestioni Italia S.R.L.;Gasolio;1.929;SelfService;20260704
11910;Q8 easy;46.0534121;13.2464693;;;Servizi & Gestioni Italia S.R.L.;Benzina;1.828;SelfService;20260704
11910;Q8 easy;46.0534121;13.2464693;;;Servizi & Gestioni Italia S.R.L.;Gasolio;1.879;SelfService;20260704
11911;Q8;46.1012200;13.2301410;;;Servizi & Gestioni Italia S.R.L.;Benzina;1.914;SelfService;20260704
11911;Q8;46.1012200;13.2301410;;;Servizi & Gestioni Italia S.R.L.;Gasolio;1.979;SelfService;20260704
11912;Q8 Easy;46.0753043;13.2264878;;;Servizi & Gestioni Italia S.R.L.;Benzina;1.829;SelfService;20260704
11912;Q8 Easy;46.0753043;13.2264878;;;Servizi & Gestioni Italia S.R.L.;Gasolio;1.909;SelfService;20260704
11913;Q8;46.0752001;13.2387295;;;Servizi & Gestioni Italia S.R.L.;Benzina;1.859;SelfService;20260704
11913;Q8;46.0752001;13.2387295;;;Servizi & Gestioni Italia S.R.L.;Gasolio;1.939;SelfService;20260704
11914;Q8;46.0375611;13.2468934;;;Servizi & Gestioni Italia S.R.L.;Benzina;1.859;SelfService;20260704
11914;Q8;46.0375611;13.2468934;;;Servizi & Gestioni Italia S.R.L.;Gasolio;1.929;SelfService;20260704
11915;Q8 Easy;45.8086001;13.3567055;;;Servizi & Gestioni Italia S.R.L.;Benzina;1.859;SelfService;20260704
11915;Q8 Easy;45.8086001;13.3567055;;;Servizi & Gestioni Italia S.R.L.;Gasolio;1.939;SelfService;20260704
12047;;45.8669511;12.6243041;;;Cima Servizi S.R.L.;Benzina;1.788;Servito;20260630
12047;;45.8669511;12.6243041;;;Cima Servizi S.R.L.;Gasolio;1.868;Servito;20260630
12383;Q8;46.1118909;13.0310080;;;D'Angelo Ivan;Benzina;1.869;SelfService;20260703
12383;Q8;46.1118909;13.0310080;;;D'Angelo Ivan;GPL;0.769;Servito;20260703
12383;Q8;46.1118909;13.0310080;;;D'Angelo Ivan;Gasolio;1.959;SelfService;20260703
12383;Q8;46.1118909;13.0310080;;;D'Angelo Ivan;Hi-Q Diesel;2.399;SelfService;20260703
13037;;46.1153888;13.5053418;;;Terlicher Antonio & C. S.N.C.;Benzina;1.844;SelfService;20260704
13037;;46.1153888;13.5053418;;;Terlicher Antonio & C. S.N.C.;Blue Diesel;2.044;SelfService;20260704
13037;;46.1153888;13.5053418;;;Terlicher Antonio & C. S.N.C.;Gasolio;1.944;SelfService;20260704
13109;Agip;45.8985020;12.5768410;;;Bertolo Mauro & C. S.N.C.;Benzina;1.909;SelfService;20260704
13109;Agip;45.8985020;12.5768410;;;Bertolo Mauro & C. S.N.C.;Benzina;2.119;Servito;20260704
13109;Agip;45.8985020;12.5768410;;;Bertolo Mauro & C. S.N.C.;Blue Diesel;2.079;SelfService;20260704
13109;Agip;45.8985020;12.5768410;;;Bertolo Mauro & C. S.N.C.;Blue Diesel;2.289;Servito;20260704
13109;Agip;45.8985020;12.5768410;;;Bertolo Mauro & C. S.N.C.;GPL;0.819;Servito;20260704
13109;Agip;45.8985020;12.5768410;;;Bertolo Mauro & C. S.N.C.;Gasolio;1.959;SelfService;20260704
13109;Agip;45.8985020;12.5768410;;;Bertolo Mauro & C. S.N.C.;Gasolio;2.169;Servito;20260704
13135;Agip;46.1605480;12.6858900;;;Del Mistro Giannina In Cristofoli;Benzina;1.865;SelfService;20260705
13135;Agip;46.1605480;12.6858900;;;Del Mistro Giannina In Cristofoli;Benzina;2.035;Servito;20260704
13135;Agip;46.1605480;12.6858900;;;Del Mistro Giannina In Cristofoli;Blue Diesel;2.044;SelfService;20260705
13135;Agip;46.1605480;12.6858900;;;Del Mistro Giannina In Cristofoli;Blue Diesel;2.194;Servito;20260704
13135;Agip;46.1605480;12.6858900;;;Del Mistro Giannina In Cristofoli;Gasolio;1.944;SelfService;20260705
13135;Agip;46.1605480;12.6858900;;;Del Mistro Giannina In Cristofoli;Gasolio;2.094;Servito;20260704
13485;IP;45.9636840;12.4336910;;;Santin Aldo;Benzina;1.819;Servito;20260630
13485;IP;45.9636840;12.4336910;;;Santin Aldo;Benzina;1.819;SelfService;20260630
13485;IP;45.9636840;12.4336910;;;Santin Aldo;Gasolio;1.919;Servito;20260630
13485;IP;45.9636840;12.4336910;;;Santin Aldo;Gasolio;1.919;SelfService;20260630
13681;Agip;45.9777330;12.5748810;;;Fontanagomme di Del Ben Cristian & Carpene' Marinella S.N.C.;Benzina;1.929;SelfService;20260704
13681;Agip;45.9777330;12.5748810;;;Fontanagomme di Del Ben Cristian & Carpene' Marinella S.N.C.;Blue Diesel;2.279;SelfService;20260704
13681;Agip;45.9777330;12.5748810;;;Fontanagomme di Del Ben Cristian & Carpene' Marinella S.N.C.;Blue Super;2.149;SelfService;20260704
13681;Agip;45.9777330;12.5748810;;;Fontanagomme di Del Ben Cristian & Carpene' Marinella S.N.C.;Gasolio;1.979;SelfService;20260704
13689;Eni;45.9459880;12.9767420;;;Pituello Stefano;Benzina;1.859;SelfService;20260703
13689;Eni;45.9459880;12.9767420;;;Pituello Stefano;Blue Diesel;2.019;SelfService;20260703
13689;Eni;45.9459880;12.9767420;;;Pituello Stefano;GPL;0.819;Servito;20260703
13689;Eni;45.9459880;12.9767420;;;Pituello Stefano;Gasolio;1.919;SelfService;20260703
13865;;46.1581040;13.2437564;;;Tiemme Service S.A.S. di Tribos Daniele Sebastiano & C.;Benzina;1.829;Servito;20260704
13865;;46.1581040;13.2437564;;;Tiemme Service S.A.S. di Tribos Daniele Sebastiano & C.;Gasolio;1.929;Servito;20260704
13872;Tamoil;46.0367069;13.2462681;;;Tiemme Service S.A.S. di Tribos Daniele Sebastiano & C.;Benzina;1.849;Servito;20260704
13872;Tamoil;46.0367069;13.2462681;;;Tiemme Service S.A.S. di Tribos Daniele Sebastiano & C.;Gasolio;1.899;Servito;20260704
13942;Esso;45.6383374;13.8156217;;;De Cleva e Bernardini di De Cleva Paolo & C. S.A.S.;Benzina;1.899;Servito;20260703
13942;Esso;45.6383374;13.8156217;;;De Cleva e Bernardini di De Cleva Paolo & C. S.A.S.;Benzina;1.899;SelfService;20260703
13942;Esso;45.6383374;13.8156217;;;De Cleva e Bernardini di De Cleva Paolo & C. S.A.S.;Gasolio Premium;2.299;Servito;20260703
13942;Esso;45.6383374;13.8156217;;;De Cleva e Bernardini di De Cleva Paolo & C. S.A.S.;Gasolio Premium;2.299;SelfService;20260703
13942;Esso;45.6383374;13.8156217;;;De Cleva e Bernardini di De Cleva Paolo & C. S.A.S.;Gasolio;1.999;Servito;20260703
13942;Esso;45.6383374;13.8156217;;;De Cleva e Bernardini di De Cleva Paolo & C. S.A.S.;Gasolio;1.999;SelfService;20260703
14191;IP;46.0961774;12.6807068;;;F.lli Corba S.A.S. di Corba Massimo e Stefano;Benzina;1.839;Servito;20260704
14191;IP;46.0961774;12.6807068;;;F.lli Corba S.A.S. di Corba Massimo e Stefano;Gasolio;1.909;Servito;20260704
14504;Agip;46.0165010;12.5142850;;;Menegoz Alessandro;Benzina;1.948;SelfService;20260703
14504;Agip;46.0165010;12.5142850;;;Menegoz Alessandro;Benzina;2.158;Servito;20260703
14504;Agip;46.0165010;12.5142850;;;Menegoz Alessandro;Blue Diesel;2.158;SelfService;20260703
14504;Agip;46.0165010;12.5142850;;;Menegoz Alessandro;Blue Diesel;2.368;Servito;20260703
14504;Agip;46.0165010;12.5142850;;;Menegoz Alessandro;GPL;0.838;Servito;20260703
14504;Agip;46.0165010;12.5142850;;;Menegoz Alessandro;Gasolio;1.998;SelfService;20260703
14504;Agip;46.0165010;12.5142850;;;Menegoz Alessandro;Gasolio;2.208;Servito;20260703
14643;Agip;46.0268256;12.9372198;;;Da Angela di Fabris Giacomino & C. - S.A.S.;Benzina;1.869;SelfService;20260704
14643;Agip;46.0268256;12.9372198;;;Da Angela di Fabris Giacomino & C. - S.A.S.;Blue Diesel;2.029;SelfService;20260704
14643;Agip;46.0268256;12.9372198;;;Da Angela di Fabris Giacomino & C. - S.A.S.;Gasolio;1.929;SelfService;20260704
14798;Esso;46.4162521;12.9191631;;;Centro Auto di Polonia Valerio;Benzina;1.899;Servito;20260703
14798;Esso;46.4162521;12.9191631;;;Centro Auto di Polonia Valerio;Benzina;1.899;SelfService;20260703
14798;Esso;46.4162521;12.9191631;;;Centro Auto di Polonia Valerio;Gasolio artico;1.969;Servito;20260703
14798;Esso;46.4162521;12.9191631;;;Centro Auto di Polonia Valerio;Gasolio artico;1.969;SelfService;20260703
14798;Esso;46.4162521;12.9191631;;;Centro Auto di Polonia Valerio;Gasolio;1.969;Servito;20260703
14798;Esso;46.4162521;12.9191631;;;Centro Auto di Polonia Valerio;Gasolio;1.969;SelfService;20260703
14884;Q8;46.3726235;13.0648358;;;Area di Servizio Shell di Marta Ivan & C. S.A.S.;Benzina;1.866;Servito;20260704
14884;Q8;46.3726235;13.0648358;;;Area di Servizio Shell di Marta Ivan & C. S.A.S.;Benzina;1.866;SelfService;20260704
14884;Q8;46.3726235;13.0648358;;;Area di Servizio Shell di Marta Ivan & C. S.A.S.;GPL;0.778;Servito;20260704
14884;Q8;46.3726235;13.0648358;;;Area di Servizio Shell di Marta Ivan & C. S.A.S.;Gasolio;1.996;Servito;20260704
14884;Q8;46.3726235;13.0648358;;;Area di Servizio Shell di Marta Ivan & C. S.A.S.;Gasolio;1.996;SelfService;20260704
14884;Q8;46.3726235;13.0648358;;;Area di Servizio Shell di Marta Ivan & C. S.A.S.;Hi-Q Diesel;2.366;Servito;20260704
14884;Q8;46.3726235;13.0648358;;;Area di Servizio Shell di Marta Ivan & C. S.A.S.;Hi-Q Diesel;2.366;SelfService;20260704
14884;Q8;46.3726235;13.0648358;;;Area di Servizio Shell di Marta Ivan & C. S.A.S.;HiQ Perform+;2.246;Servito;20260704
14884;Q8;46.3726235;13.0648358;;;Area di Servizio Shell di Marta Ivan & C. S.A.S.;HiQ Perform+;2.246;SelfService;20260704
15502;IP;45.6959140;13.0688270;;;Aprilia Marittima 2000 S.p.A.;Benzina;1.999;Servito;20260704
15502;IP;45.6959140;13.0688270;;;Aprilia Marittima 2000 S.p.A.;Gasolio;2.059;Servito;20260704
15517;IP;45.8277200;13.4012111;;;Singh Gurdial;Benzina;1.839;Servito;20260704
15517;IP;45.8277200;13.4012111;;;Singh Gurdial;GPL;0.736;Servito;20260704
15517;IP;45.8277200;13.4012111;;;Singh Gurdial;Gasolio;1.899;Servito;20260704
15815;IP;46.0521830;13.2382950;;;Covacich Luciano S.N.C. di Covacich L. & C.;Benzina;1.827;SelfService;20260704
15815;IP;46.0521830;13.2382950;;;Covacich Luciano S.N.C. di Covacich L. & C.;Benzina;1.997;Servito;20260704
15815;IP;46.0521830;13.2382950;;;Covacich Luciano S.N.C. di Covacich L. & C.;Gasolio;1.937;SelfService;20260704
15815;IP;46.0521830;13.2382950;;;Covacich Luciano S.N.C. di Covacich L. & C.;Gasolio;2.097;Servito;20260704
15835;IP;45.9062284;12.8654772;;;Gazziola Celio Diego;Benzina;1.859;Servito;20260704
15835;IP;45.9062284;12.8654772;;;Gazziola Celio Diego;Gasolio;1.939;Servito;20260704
16077;IP;46.2006007;13.2642323;;;Migueletto Raul Guillermo;Benzina;1.768;Servito;20260630
16077;IP;46.2006007;13.2642323;;;Migueletto Raul Guillermo;Benzina;1.768;SelfService;20260630
16077;IP;46.2006007;13.2642323;;;Migueletto Raul Guillermo;Gasolio;1.838;Servito;20260630
16077;IP;46.2006007;13.2642323;;;Migueletto Raul Guillermo;Gasolio;1.838;SelfService;20260630
16630;Eni;46.1947289;13.2569283;;;Meneghin Federico e C. S.N.C.;Benzina;1.870;SelfService;20260704
16630;Eni;46.1947289;13.2569283;;;Meneghin Federico e C. S.N.C.;Benzina;2.090;Servito;20260704
16630;Eni;46.1947289;13.2569283;;;Meneghin Federico e C. S.N.C.;Blue Diesel;2.049;SelfService;20260704
16630;Eni;46.1947289;13.2569283;;;Meneghin Federico e C. S.N.C.;Blue Diesel;2.269;Servito;20260704
16630;Eni;46.1947289;13.2569283;;;Meneghin Federico e C. S.N.C.;Gasolio;1.949;SelfService;20260704
16630;Eni;46.1947289;13.2569283;;;Meneghin Federico e C. S.N.C.;Gasolio;2.169;Servito;20260704
16668;Agip;45.9346690;13.6010740;;;Area 4133 S.N.C. di Sabrina Ponzalli e Paolo Macuz;Benzina;1.869;SelfService;20260704
16668;Agip;45.9346690;13.6010740;;;Area 4133 S.N.C. di Sabrina Ponzalli e Paolo Macuz;Benzina;2.089;Servito;20260704
16668;Agip;45.9346690;13.6010740;;;Area 4133 S.N.C. di Sabrina Ponzalli e Paolo Macuz;Blue Diesel;2.049;SelfService;20260704
16668;Agip;45.9346690;13.6010740;;;Area 4133 S.N.C. di Sabrina Ponzalli e Paolo Macuz;Blue Diesel;2.269;Servito;20260704
16668;Agip;45.9346690;13.6010740;;;Area 4133 S.N.C. di Sabrina Ponzalli e Paolo Macuz;Blue Super;2.029;SelfService;20260704
16668;Agip;45.9346690;13.6010740;;;Area 4133 S.N.C. di Sabrina Ponzalli e Paolo Macuz;Blue Super;2.249;Servito;20260704
16668;Agip;45.9346690;13.6010740;;;Area 4133 S.N.C. di Sabrina Ponzalli e Paolo Macuz;Gasolio;1.949;SelfService;20260704
16668;Agip;45.9346690;13.6010740;;;Area 4133 S.N.C. di Sabrina Ponzalli e Paolo Macuz;Gasolio;2.169;Servito;20260704
16868;IP;45.6821055;13.4053797;;;S.G. di Salmeri Dario & C. S.A.S.;Benzina;1.899;Servito;20260704
16868;IP;45.6821055;13.4053797;;;S.G. di Salmeri Dario & C. S.A.S.;Gasolio;1.999;Servito;20260704
16952;TotalErg;45.9418400;13.1678220;;;Pascut Gabriele;Benzina;1.859;SelfService;20260704
16952;TotalErg;45.9418400;13.1678220;;;Pascut Gabriele;Benzina;2.029;Servito;20260704
16952;TotalErg;45.9418400;13.1678220;;;Pascut Gabriele;Gasolio;1.949;SelfService;20260704
16952;TotalErg;45.9418400;13.1678220;;;Pascut Gabriele;Gasolio;2.119;Servito;20260704
16952;TotalErg;45.9418400;13.1678220;;;Pascut Gabriele;Hi-Q Diesel;2.349;SelfService;20260704
16952;TotalErg;45.9418400;13.1678220;;;Pascut Gabriele;Hi-Q Diesel;2.519;Servito;20260704
16952;TotalErg;45.9418400;13.1678220;;;Pascut Gabriele;HiQ Perform+;2.249;SelfService;20260704
16952;TotalErg;45.9418400;13.1678220;;;Pascut Gabriele;HiQ Perform+;2.419;Servito;20260704
16980;AdriaEnergy;45.7086891;13.7443018;;;Adriaenergy S.R.L.;Benzina;1.789;SelfService;20260701
16980;AdriaEnergy;45.7086891;13.7443018;;;Adriaenergy S.R.L.;F-101;2.109;SelfService;20260701
16980;AdriaEnergy;45.7086891;13.7443018;;;Adriaenergy S.R.L.;Gasolio speciale;2.209;SelfService;20260701
16980;AdriaEnergy;45.7086891;13.7443018;;;Adriaenergy S.R.L.;Gasolio;1.859;SelfService;20260701
17483;IP;46.0015368;13.2066810;;;;Benzina;1.839;SelfService;20260704
17483;IP;46.0015368;13.2066810;;;;Benzina;2.089;Servito;20260704
17483;IP;46.0015368;13.2066810;;;;Gasolio;1.939;SelfService;20260704
17483;IP;46.0015368;13.2066810;;;;Gasolio;2.189;Servito;20260704
17552;Esso;46.0908191;13.4158393;;;Superfast Esso di Roiatti Roberto & C. S.A.S.;Benzina;1.899;Servito;20260704
17552;Esso;46.0908191;13.4158393;;;Superfast Esso di Roiatti Roberto & C. S.A.S.;Gasolio Premium;2.099;Servito;20260704
17552;Esso;46.0908191;13.4158393;;;Superfast Esso di Roiatti Roberto & C. S.A.S.;Gasolio artico;2.099;Servito;20260704
17552;Esso;46.0908191;13.4158393;;;Superfast Esso di Roiatti Roberto & C. S.A.S.;Gasolio;1.979;Servito;20260704
17626;Agip;46.0092430;13.2533310;;;Moschione Loris;Benzina;1.879;SelfService;20260630
17626;Agip;46.0092430;13.2533310;;;Moschione Loris;Blue Diesel;2.029;SelfService;20260630
17626;Agip;46.0092430;13.2533310;;;Moschione Loris;Gasolio;1.929;SelfService;20260630
17626;Agip;46.0092430;13.2533310;;;Moschione Loris;HVOlution;1.929;SelfService;20260630
18569;Metano;45.9742819;12.6296701;;;Medunagas - S.R.L.;Metano;1.469;Servito;20260703
18571;Esso;45.8138160;13.5131410;;;Stazione di Servizio Esso F.lli Mininel di Mininel Andrea e C. S.N.C.;Benzina;1.869;SelfService;20260704
18571;Esso;45.8138160;13.5131410;;;Stazione di Servizio Esso F.lli Mininel di Mininel Andrea e C. S.N.C.;Gasolio Premium;2.179;SelfService;20260704
18571;Esso;45.8138160;13.5131410;;;Stazione di Servizio Esso F.lli Mininel di Mininel Andrea e C. S.N.C.;Gasolio;1.969;SelfService;20260704
19094;Esso;46.0741675;13.2042946;;;Grattoni Nicola & C. S.A.S.;Benzina;1.869;SelfService;20260704
19094;Esso;46.0741675;13.2042946;;;Grattoni Nicola & C. S.A.S.;Gasolio Premium;2.059;SelfService;20260704
19094;Esso;46.0741675;13.2042946;;;Grattoni Nicola & C. S.A.S.;Gasolio;1.939;SelfService;20260704
20182;IP;45.9791600;12.8011970;;;Sellan Pietro;Benzina;1.879;Servito;20260704
20182;IP;45.9791600;12.8011970;;;Sellan Pietro;Gasolio;1.959;Servito;20260704
20487;Api;46.2594462;13.1022099;;;Mi.Xo. di Xotto Michele;Benzina;1.896;SelfService;20260629
20487;Api;46.2594462;13.1022099;;;Mi.Xo. di Xotto Michele;Benzina;2.096;Servito;20260629
20487;Api;46.2594462;13.1022099;;;Mi.Xo. di Xotto Michele;Gasolio artico;1.996;SelfService;20260629
20487;Api;46.2594462;13.1022099;;;Mi.Xo. di Xotto Michele;Gasolio artico;2.196;Servito;20260629
20487;Api;46.2594462;13.1022099;;;Mi.Xo. di Xotto Michele;Gasolio;1.996;SelfService;20260629
20487;Api;46.2594462;13.1022099;;;Mi.Xo. di Xotto Michele;Gasolio;2.196;Servito;20260629
20739;Agip;45.9418170;12.6176260;;;Agip Alla Crose - Rotundo Giorgio;Benzina;1.969;SelfService;20260703
20739;Agip;45.9418170;12.6176260;;;Agip Alla Crose - Rotundo Giorgio;Blue Diesel;2.099;SelfService;20260703
20739;Agip;45.9418170;12.6176260;;;Agip Alla Crose - Rotundo Giorgio;Gasolio;1.999;SelfService;20260703
21007;Agip;46.0145705;13.3879856;;;Autofficina di Chiappo Fausto;Benzina;1.899;SelfService;20260705
21007;Agip;46.0145705;13.3879856;;;Autofficina di Chiappo Fausto;Benzina;2.109;Servito;20260704
21007;Agip;46.0145705;13.3879856;;;Autofficina di Chiappo Fausto;Blue Diesel;2.049;SelfService;20260705
21007;Agip;46.0145705;13.3879856;;;Autofficina di Chiappo Fausto;Blue Diesel;2.259;Servito;20260704
21007;Agip;46.0145705;13.3879856;;;Autofficina di Chiappo Fausto;Blue Super;2.089;SelfService;20260705
21007;Agip;46.0145705;13.3879856;;;Autofficina di Chiappo Fausto;Blue Super;2.299;Servito;20260704
21007;Agip;46.0145705;13.3879856;;;Autofficina di Chiappo Fausto;Gasolio;1.949;SelfService;20260705
21007;Agip;46.0145705;13.3879856;;;Autofficina di Chiappo Fausto;Gasolio;2.159;Servito;20260704
21028;Esso;46.1600694;13.2107919;;;Sostero fratelli S.N.C. di Sostero Marco & Massimo;Benzina;1.859;Servito;20260704
21028;Esso;46.1600694;13.2107919;;;Sostero fratelli S.N.C. di Sostero Marco & Massimo;Benzina;1.859;SelfService;20260704
21028;Esso;46.1600694;13.2107919;;;Sostero fratelli S.N.C. di Sostero Marco & Massimo;Gasolio;1.929;Servito;20260704
21028;Esso;46.1600694;13.2107919;;;Sostero fratelli S.N.C. di Sostero Marco & Massimo;Gasolio;1.929;SelfService;20260704
21028;Esso;46.1600694;13.2107919;;;Sostero fratelli S.N.C. di Sostero Marco & Massimo;Supreme Diesel;2.169;Servito;20260704
21028;Esso;46.1600694;13.2107919;;;Sostero fratelli S.N.C. di Sostero Marco & Massimo;Supreme Diesel;2.169;SelfService;20260704
21064;Agip;45.9091920;12.5430560;;;Hoxha Bledar;Benzina;1.849;SelfService;20260704
21064;Agip;45.9091920;12.5430560;;;Hoxha Bledar;Gasolio;1.949;SelfService;20260704
21433;Ip;45.9501650;13.4752040;;;Zorgniotti & Piu di Zorgniotti Oscar & C. S.A.S.;Benzina;1.819;SelfService;20260630
21433;Ip;45.9501650;13.4752040;;;Zorgniotti & Piu di Zorgniotti Oscar & C. S.A.S.;Benzina;2.019;Servito;20260630
21433;Ip;45.9501650;13.4752040;;;Zorgniotti & Piu di Zorgniotti Oscar & C. S.A.S.;Gasolio;1.919;SelfService;20260630
21433;Ip;45.9501650;13.4752040;;;Zorgniotti & Piu di Zorgniotti Oscar & C. S.A.S.;Gasolio;2.119;Servito;20260630
21544;Delle Vedove;45.9503343;12.6957369;;;Val.Gre.Ca. S.R.L.;Benzina;1.779;SelfService;20260704
21544;Delle Vedove;45.9503343;12.6957369;;;Val.Gre.Ca. S.R.L.;GPL;0.769;Servito;20260704
21544;Delle Vedove;45.9503343;12.6957369;;;Val.Gre.Ca. S.R.L.;Gasolio speciale;1.929;SelfService;20260704
21544;Delle Vedove;45.9503343;12.6957369;;;Val.Gre.Ca. S.R.L.;Gasolio;1.869;SelfService;20260704
22248;Eni;45.8595076;12.9280675;;;Pilosio Silvio;Benzina;1.870;SelfService;20260704
22248;Eni;45.8595076;12.9280675;;;Pilosio Silvio;Blue Diesel;2.049;SelfService;20260704
22248;Eni;45.8595076;12.9280675;;;Pilosio Silvio;Gasolio;1.949;SelfService;20260704
22355;Q8;45.8942165;12.5564490;;;Servizi & Gestioni Italia S.R.L.;Benzina;1.889;SelfService;20260704
22355;Q8;45.8942165;12.5564490;;;Servizi & Gestioni Italia S.R.L.;Gasolio;1.989;SelfService;20260704
22395;Esso;45.8022884;13.5474056;;;Bm Servizi S.A.S. di Tacchetto Bryan e Brienza Michele;Benzina;1.869;SelfService;20260704
22395;Esso;45.8022884;13.5474056;;;Bm Servizi S.A.S. di Tacchetto Bryan e Brienza Michele;Gasolio Premium;2.109;SelfService;20260704
22395;Esso;45.8022884;13.5474056;;;Bm Servizi S.A.S. di Tacchetto Bryan e Brienza Michele;Gasolio;1.989;SelfService;20260704
22903;Tamoil;45.9973340;12.9681160;;;Porfido S.N.C. di Porfido Claudio & C.;Benzina;1.869;Servito;20260704
22903;Tamoil;45.9973340;12.9681160;;;Porfido S.N.C. di Porfido Claudio & C.;Gasolio;1.959;Servito;20260704
23426;Esso;46.1095345;13.0901780;;;Lizzi & C. S.A.S. di Bertuzzi Graziella;Benzina;1.799;Servito;20260629
23426;Esso;46.1095345;13.0901780;;;Lizzi & C. S.A.S. di Bertuzzi Graziella;Benzina;1.799;SelfService;20260629
23426;Esso;46.1095345;13.0901780;;;Lizzi & C. S.A.S. di Bertuzzi Graziella;Gasolio;1.899;Servito;20260629
23426;Esso;46.1095345;13.0901780;;;Lizzi & C. S.A.S. di Bertuzzi Graziella;Gasolio;1.899;SelfService;20260629
23443;Q8 Easy;46.0941596;13.2250342;;;Servizi & Gestioni Italia S.R.L.;Benzina;1.879;SelfService;20260704
23443;Q8 Easy;46.0941596;13.2250342;;;Servizi & Gestioni Italia S.R.L.;Gasolio;1.919;SelfService;20260704
23802;IP;45.8478419;13.2127584;;;Stazione di Servizio di Tavaris Stefano;Benzina;1.850;Servito;20260704
23802;IP;45.8478419;13.2127584;;;Stazione di Servizio di Tavaris Stefano;Gasolio artico;1.930;Servito;20260704
23802;IP;45.8478419;13.2127584;;;Stazione di Servizio di Tavaris Stefano;Gasolio;1.930;Servito;20260704
23873;Q8;45.6816568;13.4170650;;;Servizi & Gestioni Italia S.R.L.;Benzina;1.859;SelfService;20260704
23873;Q8;45.6816568;13.4170650;;;Servizi & Gestioni Italia S.R.L.;Gasolio;1.909;SelfService;20260704
24264;Tamoil;45.9355997;13.6003351;;;Der-W di Rizzi Manuel;Benzina;1.699;Servito;20260629
24264;Tamoil;45.9355997;13.6003351;;;Der-W di Rizzi Manuel;Gasolio;1.821;Servito;20260629
24421;KV;46.1181509;13.2173907;;;Vanello Eugenio & Figli S.P.A;Benzina speciale;2.209;Servito;20260703
24421;KV;46.1181509;13.2173907;;;Vanello Eugenio & Figli S.P.A;Benzina;1.799;SelfService;20260703
24421;KV;46.1181509;13.2173907;;;Vanello Eugenio & Figli S.P.A;Benzina;1.899;Servito;20260703
24421;KV;46.1181509;13.2173907;;;Vanello Eugenio & Figli S.P.A;Gasolio speciale;2.199;SelfService;20260703
24421;KV;46.1181509;13.2173907;;;Vanello Eugenio & Figli S.P.A;Gasolio speciale;2.299;Servito;20260703
24421;KV;46.1181509;13.2173907;;;Vanello Eugenio & Figli S.P.A;Gasolio;1.879;SelfService;20260703
24421;KV;46.1181509;13.2173907;;;Vanello Eugenio & Figli S.P.A;Gasolio;1.979;Servito;20260703
24846;Esso;45.9734988;13.3961129;;;B & T S.N.C. di Bonessi M. & C.;Benzina;1.879;SelfService;20260703
24846;Esso;45.9734988;13.3961129;;;B & T S.N.C. di Bonessi M. & C.;Gasolio;1.949;SelfService;20260703
24883;SMP;45.9386935;12.4973751;;;Sanson Alessandro;Benzina;1.839;Servito;20260703
24883;SMP;45.9386935;12.4973751;;;Sanson Alessandro;Benzina;1.839;SelfService;20260703
24883;SMP;45.9386935;12.4973751;;;Sanson Alessandro;Gasolio;1.929;Servito;20260703
24883;SMP;45.9386935;12.4973751;;;Sanson Alessandro;Gasolio;1.929;SelfService;20260703
24974;IP;45.9640212;12.6494279;;;Masutti Stefano;Benzina;1.899;SelfService;20260704
24974;IP;45.9640212;12.6494279;;;Masutti Stefano;Benzina;2.349;Servito;20260704
24974;IP;45.9640212;12.6494279;;;Masutti Stefano;Gasolio;1.999;SelfService;20260704
24974;IP;45.9640212;12.6494279;;;Masutti Stefano;Gasolio;2.449;Servito;20260704
25027;IP;46.0859271;13.2169778;;;Pallini Maurizio;Benzina;1.859;Servito;20260704
25027;IP;46.0859271;13.2169778;;;Pallini Maurizio;Gasolio;1.939;Servito;20260704
25251;Eni;45.9366354;12.6486875;;;Basso Antonio;Benzina;1.849;SelfService;20260704
25251;Eni;45.9366354;12.6486875;;;Basso Antonio;Benzina;2.069;Servito;20260704
25251;Eni;45.9366354;12.6486875;;;Basso Antonio;Blue Diesel;2.049;SelfService;20260704
25251;Eni;45.9366354;12.6486875;;;Basso Antonio;Blue Diesel;2.269;Servito;20260704
25251;Eni;45.9366354;12.6486875;;;Basso Antonio;Gasolio;1.949;SelfService;20260704
25251;Eni;45.9366354;12.6486875;;;Basso Antonio;Gasolio;2.169;Servito;20260704
25251;Eni;45.9366354;12.6486875;;;Basso Antonio;HVOlution;1.949;SelfService;20260704
25251;Eni;45.9366354;12.6486875;;;Basso Antonio;HVOlution;2.169;Servito;20260704
25383;Esso;46.0392210;12.8350780;;;Fratelli Cristofoli di Cristofoli Rinaldo & C. S.N.C.;Benzina;1.809;Servito;20260630
25383;Esso;46.0392210;12.8350780;;;Fratelli Cristofoli di Cristofoli Rinaldo & C. S.N.C.;Gasolio Premium;1.969;Servito;20260630
25383;Esso;46.0392210;12.8350780;;;Fratelli Cristofoli di Cristofoli Rinaldo & C. S.N.C.;Gasolio;1.909;Servito;20260630
25395;Total;45.9922949;12.5450867;;;Eredi Della Gaspera Graziano S.N.C. di Della Gaspera Beatrice & C.;Benzina;1.829;Servito;20260704
25395;Total;45.9922949;12.5450867;;;Eredi Della Gaspera Graziano S.N.C. di Della Gaspera Beatrice & C.;Benzina;1.829;SelfService;20260704
25395;Total;45.9922949;12.5450867;;;Eredi Della Gaspera Graziano S.N.C. di Della Gaspera Beatrice & C.;Excellium diesel;1.999;Servito;20260704
25395;Total;45.9922949;12.5450867;;;Eredi Della Gaspera Graziano S.N.C. di Della Gaspera Beatrice & C.;Excellium diesel;1.999;SelfService;20260704
25395;Total;45.9922949;12.5450867;;;Eredi Della Gaspera Graziano S.N.C. di Della Gaspera Beatrice & C.;Gasolio;1.899;Servito;20260704
25395;Total;45.9922949;12.5450867;;;Eredi Della Gaspera Graziano S.N.C. di Della Gaspera Beatrice & C.;Gasolio;1.899;SelfService;20260704
25804;;45.8083860;13.4428020;;;Area Pieris di Ponzalli Roberto & Sellan Matteo S.N.C.;Benzina;1.869;SelfService;20260704
25804;;45.8083860;13.4428020;;;Area Pieris di Ponzalli Roberto & Sellan Matteo S.N.C.;Benzina;2.089;Servito;20260704
25804;;45.8083860;13.4428020;;;Area Pieris di Ponzalli Roberto & Sellan Matteo S.N.C.;Blue Diesel;2.049;SelfService;20260704
25804;;45.8083860;13.4428020;;;Area Pieris di Ponzalli Roberto & Sellan Matteo S.N.C.;Blue Diesel;2.269;Servito;20260704
25804;;45.8083860;13.4428020;;;Area Pieris di Ponzalli Roberto & Sellan Matteo S.N.C.;Gasolio;1.949;SelfService;20260704
25804;;45.8083860;13.4428020;;;Area Pieris di Ponzalli Roberto & Sellan Matteo S.N.C.;Gasolio;2.169;Servito;20260704
25825;IP;45.9498241;12.8821507;;;Ip Services S.R.L.;Benzina;1.829;SelfService;20260704
25825;IP;45.9498241;12.8821507;;;Ip Services S.R.L.;Gasolio;1.919;SelfService;20260704
25828;IP;46.0001630;13.2741670;;;Ip Services S.R.L.;Benzina;1.859;SelfService;20260704
25828;IP;46.0001630;13.2741670;;;Ip Services S.R.L.;Gasolio;1.939;SelfService;20260704
25829;IP matic;46.0788874;13.2348679;;;Ip Services S.R.L.;Benzina;1.859;SelfService;20260704
25829;IP matic;46.0788874;13.2348679;;;Ip Services S.R.L.;Gasolio;1.939;SelfService;20260704
25885;Agip;45.8413420;13.0970550;;;Zanini Milvia;Benzina;1.849;SelfService;20260704
25885;Agip;45.8413420;13.0970550;;;Zanini Milvia;Benzina;2.071;Servito;20260704
25885;Agip;45.8413420;13.0970550;;;Zanini Milvia;Blue Diesel;2.049;SelfService;20260704
25885;Agip;45.8413420;13.0970550;;;Zanini Milvia;Blue Diesel;2.271;Servito;20260704
25885;Agip;45.8413420;13.0970550;;;Zanini Milvia;GPL;0.738;Servito;20260704
25885;Agip;45.8413420;13.0970550;;;Zanini Milvia;Gasolio;1.909;SelfService;20260704
25885;Agip;45.8413420;13.0970550;;;Zanini Milvia;Gasolio;2.131;Servito;20260704
26161;;45.9297759;12.7347170;;;Autolavaggi B.M. di Borean Tiberio & C. S.N.C.;Benzina;1.880;Servito;20260704
26161;;45.9297759;12.7347170;;;Autolavaggi B.M. di Borean Tiberio & C. S.N.C.;Benzina;1.880;SelfService;20260704
26161;;45.9297759;12.7347170;;;Autolavaggi B.M. di Borean Tiberio & C. S.N.C.;Gasolio;1.953;Servito;20260704
26161;;45.9297759;12.7347170;;;Autolavaggi B.M. di Borean Tiberio & C. S.N.C.;Gasolio;1.953;SelfService;20260704
26173;;45.9729703;12.6136243;;;S.G.S. S.R.L.;Benzina;1.758;SelfService;20260703
26173;;45.9729703;12.6136243;;;S.G.S. S.R.L.;GPL;0.688;Servito;20260703
26173;;45.9729703;12.6136243;;;S.G.S. S.R.L.;Gasolio;1.858;SelfService;20260703
26568;Oil Italia;46.3629018;13.1354547;;;Oil Italia S.R.L.;Benzina;1.869;Servito;20260704
26568;Oil Italia;46.3629018;13.1354547;;;Oil Italia S.R.L.;Benzina;1.869;SelfService;20260704
26568;Oil Italia;46.3629018;13.1354547;;;Oil Italia S.R.L.;Gasolio;1.937;Servito;20260704
26568;Oil Italia;46.3629018;13.1354547;;;Oil Italia S.R.L.;Gasolio;1.937;SelfService;20260704
26817;;45.7663296;13.1679058;;;C.M. di Formentin Italo & C. S.N.C.;Benzina;1.929;SelfService;20260704
26817;;45.7663296;13.1679058;;;C.M. di Formentin Italo & C. S.N.C.;Blue Diesel;2.079;SelfService;20260704
26817;;45.7663296;13.1679058;;;C.M. di Formentin Italo & C. S.N.C.;Gasolio;1.979;SelfService;20260704
26915;Q8;46.0855850;12.9563570;;;Gaspardo Silvano & Serafini S.N.C.;Benzina;1.857;SelfService;20260704
26915;Q8;46.0855850;12.9563570;;;Gaspardo Silvano & Serafini S.N.C.;Benzina;2.027;Servito;20260704
26915;Q8;46.0855850;12.9563570;;;Gaspardo Silvano & Serafini S.N.C.;GPL;0.719;Servito;20260704
26915;Q8;46.0855850;12.9563570;;;Gaspardo Silvano & Serafini S.N.C.;Gasolio;1.937;SelfService;20260704
26915;Q8;46.0855850;12.9563570;;;Gaspardo Silvano & Serafini S.N.C.;Gasolio;2.107;Servito;20260704
26915;Q8;46.0855850;12.9563570;;;Gaspardo Silvano & Serafini S.N.C.;Hi-Q Diesel;2.337;SelfService;20260704
27646;Q8;45.8276793;13.2384890;;;Ylli Service S.N.C. di Hasramaj Ylli e C.;Benzina;1.859;SelfService;20260704
27646;Q8;45.8276793;13.2384890;;;Ylli Service S.N.C. di Hasramaj Ylli e C.;Benzina;2.039;Servito;20260704
27646;Q8;45.8276793;13.2384890;;;Ylli Service S.N.C. di Hasramaj Ylli e C.;Gasolio;1.929;SelfService;20260704
27646;Q8;45.8276793;13.2384890;;;Ylli Service S.N.C. di Hasramaj Ylli e C.;Gasolio;2.109;Servito;20260704
27646;Q8;45.8276793;13.2384890;;;Ylli Service S.N.C. di Hasramaj Ylli e C.;Hi-Q Diesel;2.179;SelfService;20260704
27646;Q8;45.8276793;13.2384890;;;Ylli Service S.N.C. di Hasramaj Ylli e C.;Hi-Q Diesel;2.359;Servito;20260704
27651;IP;45.8893323;13.0354500;;;Degano Cesare;Benzina;1.839;Servito;20260704
27651;IP;45.8893323;13.0354500;;;Degano Cesare;Benzina;1.839;SelfService;20260704
27651;IP;45.8893323;13.0354500;;;Degano Cesare;GPL;0.709;Servito;20260704
27651;IP;45.8893323;13.0354500;;;Degano Cesare;Gasolio;1.899;Servito;20260704
27651;IP;45.8893323;13.0354500;;;Degano Cesare;Gasolio;1.899;SelfService;20260704
27995;IP;45.8114000;13.0052800;;;De Paoli Silvio & C. S.N.C.;Benzina;1.830;Servito;20260704
27995;IP;45.8114000;13.0052800;;;De Paoli Silvio & C. S.N.C.;Benzina;1.830;SelfService;20260704
27995;IP;45.8114000;13.0052800;;;De Paoli Silvio & C. S.N.C.;GPL;0.750;Servito;20260704
27995;IP;45.8114000;13.0052800;;;De Paoli Silvio & C. S.N.C.;Gasolio;1.890;Servito;20260704
27995;IP;45.8114000;13.0052800;;;De Paoli Silvio & C. S.N.C.;Gasolio;1.890;SelfService;20260704
28059;Esso;45.8063839;13.3907479;;;A. & B. S.A.S. di Alvaro Alessandro & C.;Benzina;1.879;SelfService;20260704
28059;Esso;45.8063839;13.3907479;;;A. & B. S.A.S. di Alvaro Alessandro & C.;Gasolio Premium;2.289;SelfService;20260704
28059;Esso;45.8063839;13.3907479;;;A. & B. S.A.S. di Alvaro Alessandro & C.;Gasolio;1.949;SelfService;20260704
28207;Tiemme Service;45.8920752;13.3780593;;;Tiemme Service S.A.S.;Benzina speciale;1.909;Servito;20260701
28207;Tiemme Service;45.8920752;13.3780593;;;Tiemme Service S.A.S.;Benzina;1.809;Servito;20260701
28207;Tiemme Service;45.8920752;13.3780593;;;Tiemme Service S.A.S.;Gasolio speciale;1.999;Servito;20260701
28207;Tiemme Service;45.8920752;13.3780593;;;Tiemme Service S.A.S.;Gasolio;1.899;Servito;20260701
28291;Shell;45.6379173;13.8149834;;;;Benzina Shell V Power;2.198;Servito;20260704
28291;Shell;45.6379173;13.8149834;;;;Benzina;1.998;Servito;20260704
28291;Shell;45.6379173;13.8149834;;;;Diesel Shell V Power;2.298;Servito;20260704
28291;Shell;45.6379173;13.8149834;;;;GPL;0.999;Servito;20260704
28291;Shell;45.6379173;13.8149834;;;;Gasolio;2.098;Servito;20260704
28424;Esso;45.8991097;12.7330515;;;Del Col S.R.L.;Benzina;1.889;SelfService;20260704
28424;Esso;45.8991097;12.7330515;;;Del Col S.R.L.;GPL;0.799;Servito;20260704
28424;Esso;45.8991097;12.7330515;;;Del Col S.R.L.;Gasolio;1.999;SelfService;20260704
28866;Eni;45.9019553;13.2576266;;;;Benzina;1.899;SelfService;20260704
28866;Eni;45.9019553;13.2576266;;;;Benzina;2.109;Servito;20260704
28866;Eni;45.9019553;13.2576266;;;;Blue Diesel;2.049;SelfService;20260704
28866;Eni;45.9019553;13.2576266;;;;Blue Diesel;2.259;Servito;20260704
28866;Eni;45.9019553;13.2576266;;;;Gasolio;1.949;SelfService;20260704
28866;Eni;45.9019553;13.2576266;;;;Gasolio;2.159;Servito;20260704
29278;IP matic;45.8610524;13.4829701;;;Ip Services S.R.L.;Benzina;1.819;SelfService;20260704
29278;IP matic;45.8610524;13.4829701;;;Ip Services S.R.L.;Gasolio;1.909;SelfService;20260704
29654;KV;45.8795934;13.4653178;;;Vanello Eugenio & Figli S.P.A;Benzina speciale;2.269;Servito;20260701
29654;KV;45.8795934;13.4653178;;;Vanello Eugenio & Figli S.P.A;Benzina;1.829;SelfService;20260701
29654;KV;45.8795934;13.4653178;;;Vanello Eugenio & Figli S.P.A;Benzina;1.929;Servito;20260701
29654;KV;45.8795934;13.4653178;;;Vanello Eugenio & Figli S.P.A;Gasolio speciale;2.269;Servito;20260701
29654;KV;45.8795934;13.4653178;;;Vanello Eugenio & Figli S.P.A;Gasolio;1.929;SelfService;20260701
29654;KV;45.8795934;13.4653178;;;Vanello Eugenio & Figli S.P.A;Gasolio;2.029;Servito;20260701
30014;Tamoil;45.9723160;12.6821280;;;De Carlo Carlo di De Carlo Vania & C. S.N.C.;Benzina;1.895;Servito;20260704
30014;Tamoil;45.9723160;12.6821280;;;De Carlo Carlo di De Carlo Vania & C. S.N.C.;Benzina;1.895;SelfService;20260704
30014;Tamoil;45.9723160;12.6821280;;;De Carlo Carlo di De Carlo Vania & C. S.N.C.;Gasolio;1.995;Servito;20260704
30014;Tamoil;45.9723160;12.6821280;;;De Carlo Carlo di De Carlo Vania & C. S.N.C.;Gasolio;1.995;SelfService;20260704
30039;OIL;45.8177495;13.4377002;;;Azzalini Mario & C. - S.A.S.;Benzina;1.827;Servito;20260704
30039;OIL;45.8177495;13.4377002;;;Azzalini Mario & C. - S.A.S.;Benzina;1.827;SelfService;20260704
30039;OIL;45.8177495;13.4377002;;;Azzalini Mario & C. - S.A.S.;Gasolio;1.927;Servito;20260704
30039;OIL;45.8177495;13.4377002;;;Azzalini Mario & C. - S.A.S.;Gasolio;1.927;SelfService;20260704
30071;Eni;45.9344822;13.5257412;;;Scolaris Vini - Società a Responsabilità Limitata Detta Altrimenti Cantina Borgo Boschetto, Cantina San Lorenzo, Villa Folini, Bosco Del Tiglio, Cantina Le Magnolie Oppure Ma.Sco.;Benzina;1.864;SelfService;20260705
30071;Eni;45.9344822;13.5257412;;;Scolaris Vini - Società a Responsabilità Limitata Detta Altrimenti Cantina Borgo Boschetto, Cantina San Lorenzo, Villa Folini, Bosco Del Tiglio, Cantina Le Magnolie Oppure Ma.Sco.;Benzina;2.034;Servito;20260704
30071;Eni;45.9344822;13.5257412;;;Scolaris Vini - Società a Responsabilità Limitata Detta Altrimenti Cantina Borgo Boschetto, Cantina San Lorenzo, Villa Folini, Bosco Del Tiglio, Cantina Le Magnolie Oppure Ma.Sco.;Gasolio;1.944;SelfService;20260705
30071;Eni;45.9344822;13.5257412;;;Scolaris Vini - Società a Responsabilità Limitata Detta Altrimenti Cantina Borgo Boschetto, Cantina San Lorenzo, Villa Folini, Bosco Del Tiglio, Cantina Le Magnolie Oppure Ma.Sco.;Gasolio;2.124;Servito;20260704
30161;Q8;45.9390190;12.6506280;;;Dinicola Fabrizio;Benzina;1.769;Servito;20260629
30161;Q8;45.9390190;12.6506280;;;Dinicola Fabrizio;Benzina;1.769;SelfService;20260629
30161;Q8;45.9390190;12.6506280;;;Dinicola Fabrizio;Gasolio;1.869;Servito;20260629
30161;Q8;45.9390190;12.6506280;;;Dinicola Fabrizio;Gasolio;1.869;SelfService;20260629
30161;Q8;45.9390190;12.6506280;;;Dinicola Fabrizio;Hi-Q Diesel;2.349;Servito;20260629
30161;Q8;45.9390190;12.6506280;;;Dinicola Fabrizio;Hi-Q Diesel;2.349;SelfService;20260629
30690;Q8;46.0969240;13.2886930;;;Duegi S.A.S. di Gattesco Luca e C.;Benzina;1.809;SelfService;20260702
30690;Q8;46.0969240;13.2886930;;;Duegi S.A.S. di Gattesco Luca e C.;Benzina;1.979;Servito;20260702
30690;Q8;46.0969240;13.2886930;;;Duegi S.A.S. di Gattesco Luca e C.;GPL;0.759;Servito;20260702
30690;Q8;46.0969240;13.2886930;;;Duegi S.A.S. di Gattesco Luca e C.;Gasolio;1.899;SelfService;20260702
30690;Q8;46.0969240;13.2886930;;;Duegi S.A.S. di Gattesco Luca e C.;Gasolio;2.069;Servito;20260702
30690;Q8;46.0969240;13.2886930;;;Duegi S.A.S. di Gattesco Luca e C.;HVO;1.869;SelfService;20260702
30690;Q8;46.0969240;13.2886930;;;Duegi S.A.S. di Gattesco Luca e C.;HiQ Perform+;2.149;SelfService;20260702
30690;Q8;46.0969240;13.2886930;;;Duegi S.A.S. di Gattesco Luca e C.;HiQ Perform+;2.319;Servito;20260702
30719;IP;46.1007380;13.1728220;;;Singh Kulvir;Benzina;1.849;Servito;20260704
30719;IP;46.1007380;13.1728220;;;Singh Kulvir;GPL;0.709;Servito;20260704
30719;IP;46.1007380;13.1728220;;;Singh Kulvir;Gasolio;1.919;Servito;20260704
30744;IP;45.9044736;13.5371580;;;Ip Services S.R.L.;Benzina;1.879;SelfService;20260704
30744;IP;45.9044736;13.5371580;;;Ip Services S.R.L.;Gasolio;1.959;SelfService;20260704
30937;IP;46.2029170;13.1177990;;;;Benzina;1.829;SelfService;20260702
30937;IP;46.2029170;13.1177990;;;;Benzina;2.019;Servito;20260702
30937;IP;46.2029170;13.1177990;;;;Gasolio;1.889;SelfService;20260702
30937;IP;46.2029170;13.1177990;;;;Gasolio;2.079;Servito;20260702
31170;IP;46.1858366;13.0591611;;;Ip Services S.R.L.;Benzina;1.839;SelfService;20260704
31170;IP;46.1858366;13.0591611;;;Ip Services S.R.L.;Gasolio;1.909;SelfService;20260704
31331;IP;45.8018928;13.5461242;;;Ip Services S.R.L.;Benzina;1.829;SelfService;20260704
31331;IP;45.8018928;13.5461242;;;Ip Services S.R.L.;Gasolio;1.919;SelfService;20260704
31521;Vianello Luigi Gas;45.7693460;13.6467583;;;Vega Carburanti S.P.A.;Benzina;1.859;SelfService;20260704
31521;Vianello Luigi Gas;45.7693460;13.6467583;;;Vega Carburanti S.P.A.;Gasolio;1.959;SelfService;20260704
31521;Vianello Luigi Gas;45.7693460;13.6467583;;;Vega Carburanti S.P.A.;HVOlution;1.939;SelfService;20260704
31589;Tamoil;46.1881286;13.1161660;;;Nuova Sidap S.R.L.;Benzina WR 100;2.183;SelfService;20260705
31589;Tamoil;46.1881286;13.1161660;;;Nuova Sidap S.R.L.;Benzina WR 100;2.283;Servito;20260705
31589;Tamoil;46.1881286;13.1161660;;;Nuova Sidap S.R.L.;Benzina;1.983;SelfService;20260705
31589;Tamoil;46.1881286;13.1161660;;;Nuova Sidap S.R.L.;Benzina;2.083;Servito;20260705
31589;Tamoil;46.1881286;13.1161660;;;Nuova Sidap S.R.L.;Gasolio;2.055;SelfService;20260705
31589;Tamoil;46.1881286;13.1161660;;;Nuova Sidap S.R.L.;Gasolio;2.155;Servito;20260705
32118;IP;45.9260305;12.7086022;;;;Benzina;1.839;SelfService;20260704
32118;IP;45.9260305;12.7086022;;;;Benzina;2.039;Servito;20260704
32118;IP;45.9260305;12.7086022;;;;Gasolio;1.939;SelfService;20260704
32118;IP;45.9260305;12.7086022;;;;Gasolio;2.139;Servito;20260704
32420;IP;46.1072198;13.2647922;;;Aurora S.N.C. di Shahu Renato & C.;Benzina;1.849;Servito;20260704
32420;IP;46.1072198;13.2647922;;;Aurora S.N.C. di Shahu Renato & C.;GPL;0.746;Servito;20260704
32420;IP;46.1072198;13.2647922;;;Aurora S.N.C. di Shahu Renato & C.;Gasolio;1.939;Servito;20260704
32420;IP;46.1072198;13.2647922;;;Aurora S.N.C. di Shahu Renato & C.;Metano;1.459;Servito;20260704
33105;Esso;46.0680120;13.2444420;;;Formaggio Fulvio;Benzina;1.899;Servito;20260704
33105;Esso;46.0680120;13.2444420;;;Formaggio Fulvio;Benzina;1.899;SelfService;20260704
33105;Esso;46.0680120;13.2444420;;;Formaggio Fulvio;Gasolio;1.969;Servito;20260704
33105;Esso;46.0680120;13.2444420;;;Formaggio Fulvio;Gasolio;1.969;SelfService;20260704
33105;Esso;46.0680120;13.2444420;;;Formaggio Fulvio;Supreme Diesel;2.089;Servito;20260704
33192;Agip;46.4010866;13.0223111;;;Carboil S.A.S. di Romanini Ivan & C.;Benzina;1.864;SelfService;20260704
33192;Agip;46.4010866;13.0223111;;;Carboil S.A.S. di Romanini Ivan & C.;Benzina;2.084;Servito;20260704
33192;Agip;46.4010866;13.0223111;;;Carboil S.A.S. di Romanini Ivan & C.;Blue Diesel;2.049;SelfService;20260704
33192;Agip;46.4010866;13.0223111;;;Carboil S.A.S. di Romanini Ivan & C.;Blue Diesel;2.269;Servito;20260704
33192;Agip;46.4010866;13.0223111;;;Carboil S.A.S. di Romanini Ivan & C.;Gasolio;1.949;SelfService;20260704
33192;Agip;46.4010866;13.0223111;;;Carboil S.A.S. di Romanini Ivan & C.;Gasolio;2.169;Servito;20260704
33192;Agip;46.4010866;13.0223111;;;Carboil S.A.S. di Romanini Ivan & C.;HVOlution;1.949;SelfService;20260704
33588;IP;46.0101237;12.6246698;;;Ip Services S.R.L.;Benzina;1.879;SelfService;20260704
33588;IP;46.0101237;12.6246698;;;Ip Services S.R.L.;Gasolio;1.919;SelfService;20260704
34171;Sia Fuel;45.6794586;13.3967913;;;S.I.A. Engineering Construction S.R.L.;Benzina;1.839;SelfService;20260704
34171;Sia Fuel;45.6794586;13.3967913;;;S.I.A. Engineering Construction S.R.L.;Benzina;1.959;Servito;20260704
34171;Sia Fuel;45.6794586;13.3967913;;;S.I.A. Engineering Construction S.R.L.;Gasolio;1.919;SelfService;20260704
34171;Sia Fuel;45.6794586;13.3967913;;;S.I.A. Engineering Construction S.R.L.;Gasolio;2.039;Servito;20260704
34171;Sia Fuel;45.6794586;13.3967913;;;S.I.A. Engineering Construction S.R.L.;S-Diesel;2.019;SelfService;20260704
34171;Sia Fuel;45.6794586;13.3967913;;;S.I.A. Engineering Construction S.R.L.;S-Diesel;2.139;Servito;20260704
34264;IP;45.7600752;13.1656390;;;A.F. Petroli S.p.A.;Benzina;1.999;SelfService;20260704
34264;IP;45.7600752;13.1656390;;;A.F. Petroli S.p.A.;Gasolio;2.059;SelfService;20260704
34369;Esso;45.9749276;12.6505677;;;Tesolin Fabio;Benzina;1.869;SelfService;20260704
34369;Esso;45.9749276;12.6505677;;;Tesolin Fabio;Gasolio;1.939;SelfService;20260704
34562;IP;45.9557300;12.8141360;;;S.I.A. Engineering Construction S.R.L.;Benzina;1.825;Servito;20260704
34562;IP;45.9557300;12.8141360;;;S.I.A. Engineering Construction S.R.L.;Benzina;1.825;SelfService;20260704
34562;IP;45.9557300;12.8141360;;;S.I.A. Engineering Construction S.R.L.;GPL;0.919;Servito;20260704
34562;IP;45.9557300;12.8141360;;;S.I.A. Engineering Construction S.R.L.;Gasolio;1.915;Servito;20260704
34562;IP;45.9557300;12.8141360;;;S.I.A. Engineering Construction S.R.L.;Gasolio;1.915;SelfService;20260704
34562;IP;45.9557300;12.8141360;;;S.I.A. Engineering Construction S.R.L.;S-Diesel;2.015;Servito;20260704
34562;IP;45.9557300;12.8141360;;;S.I.A. Engineering Construction S.R.L.;S-Diesel;2.015;SelfService;20260704
35107;TotalErg;46.2680481;13.1190521;;;Be.Oil di Fabbro Edoardo & C. S.A.S.;Benzina;1.899;SelfService;20260704
35107;TotalErg;46.2680481;13.1190521;;;Be.Oil di Fabbro Edoardo & C. S.A.S.;Benzina;1.989;Servito;20260704
35107;TotalErg;46.2680481;13.1190521;;;Be.Oil di Fabbro Edoardo & C. S.A.S.;Gasolio;1.999;SelfService;20260704
35107;TotalErg;46.2680481;13.1190521;;;Be.Oil di Fabbro Edoardo & C. S.A.S.;Gasolio;2.089;Servito;20260704
35107;TotalErg;46.2680481;13.1190521;;;Be.Oil di Fabbro Edoardo & C. S.A.S.;Hi-Q Diesel;2.249;SelfService;20260704
35107;TotalErg;46.2680481;13.1190521;;;Be.Oil di Fabbro Edoardo & C. S.A.S.;Hi-Q Diesel;2.339;Servito;20260704
35107;TotalErg;46.2680481;13.1190521;;;Be.Oil di Fabbro Edoardo & C. S.A.S.;HiQ Perform+;2.179;SelfService;20260704
35107;TotalErg;46.2680481;13.1190521;;;Be.Oil di Fabbro Edoardo & C. S.A.S.;HiQ Perform+;2.269;Servito;20260704
35273;;46.0296771;13.2843260;;;Auto Metano Udine di Rosso Cristian & C. S.A.S.;Benzina;1.853;SelfService;20260705
35273;;46.0296771;13.2843260;;;Auto Metano Udine di Rosso Cristian & C. S.A.S.;Benzina;2.073;Servito;20260704
35273;;46.0296771;13.2843260;;;Auto Metano Udine di Rosso Cristian & C. S.A.S.;Blue Diesel;2.049;SelfService;20260705
35273;;46.0296771;13.2843260;;;Auto Metano Udine di Rosso Cristian & C. S.A.S.;Blue Diesel;2.269;Servito;20260704
35273;;46.0296771;13.2843260;;;Auto Metano Udine di Rosso Cristian & C. S.A.S.;Blue Super;1.870;SelfService;20260705
35273;;46.0296771;13.2843260;;;Auto Metano Udine di Rosso Cristian & C. S.A.S.;Blue Super;2.090;Servito;20260705
35273;;46.0296771;13.2843260;;;Auto Metano Udine di Rosso Cristian & C. S.A.S.;GPL;0.824;Servito;20260704
35273;;46.0296771;13.2843260;;;Auto Metano Udine di Rosso Cristian & C. S.A.S.;Gasolio;1.949;SelfService;20260705
35273;;46.0296771;13.2843260;;;Auto Metano Udine di Rosso Cristian & C. S.A.S.;Gasolio;2.169;Servito;20260704
35330;;46.1000980;13.2062988;;;Stazione Eni di Mazza Giovanni;Benzina;1.879;SelfService;20260704
35330;;46.1000980;13.2062988;;;Stazione Eni di Mazza Giovanni;Benzina;2.039;Servito;20260704
35330;;46.1000980;13.2062988;;;Stazione Eni di Mazza Giovanni;Gasolio Premium;2.069;SelfService;20260704
35330;;46.1000980;13.2062988;;;Stazione Eni di Mazza Giovanni;Gasolio Premium;2.229;Servito;20260704
35330;;46.1000980;13.2062988;;;Stazione Eni di Mazza Giovanni;Gasolio;1.949;SelfService;20260704
35330;;46.1000980;13.2062988;;;Stazione Eni di Mazza Giovanni;Gasolio;2.109;Servito;20260704
35355;Esso;46.0165821;13.2569841;;;Rigotto Nerio;Benzina;1.879;SelfService;20260704
35355;Esso;46.0165821;13.2569841;;;Rigotto Nerio;Benzina;2.039;Servito;20260704
35355;Esso;46.0165821;13.2569841;;;Rigotto Nerio;Gasolio;1.949;SelfService;20260704
35355;Esso;46.0165821;13.2569841;;;Rigotto Nerio;Gasolio;2.109;Servito;20260704
35355;Esso;46.0165821;13.2569841;;;Rigotto Nerio;Supreme Diesel;2.069;SelfService;20260704
35355;Esso;46.0165821;13.2569841;;;Rigotto Nerio;Supreme Diesel;2.229;Servito;20260704
35393;Costantin;45.9677192;12.6236270;;;Commercio Petroli S.R.L.;Benzina;1.788;Servito;20260704
35393;Costantin;45.9677192;12.6236270;;;Commercio Petroli S.R.L.;Benzina;1.788;SelfService;20260704
35393;Costantin;45.9677192;12.6236270;;;Commercio Petroli S.R.L.;Gasolio;1.898;Servito;20260704
35393;Costantin;45.9677192;12.6236270;;;Commercio Petroli S.R.L.;Gasolio;1.898;SelfService;20260704
35393;Costantin;45.9677192;12.6236270;;;Commercio Petroli S.R.L.;HVO100;1.869;Servito;20260704
35393;Costantin;45.9677192;12.6236270;;;Commercio Petroli S.R.L.;HVO100;1.869;SelfService;20260704
35394;Costantin;46.0220272;13.2397237;;;Commercio Petroli S.R.L.;Benzina;1.839;Servito;20260704
35394;Costantin;46.0220272;13.2397237;;;Commercio Petroli S.R.L.;Benzina;1.839;SelfService;20260704
35394;Costantin;46.0220272;13.2397237;;;Commercio Petroli S.R.L.;Gasolio;1.899;Servito;20260704
35394;Costantin;46.0220272;13.2397237;;;Commercio Petroli S.R.L.;Gasolio;1.899;SelfService;20260704
35394;Costantin;46.0220272;13.2397237;;;Commercio Petroli S.R.L.;Metano;1.487;Servito;20260704
35566;Esso;46.2405648;13.0933806;;;Esso - Via Lavio;Benzina;1.879;SelfService;20260704
35566;Esso;46.2405648;13.0933806;;;Esso - Via Lavio;Benzina;2.039;Servito;20260704
35566;Esso;46.2405648;13.0933806;;;Esso - Via Lavio;Gasolio Premium;2.069;SelfService;20260704
35566;Esso;46.2405648;13.0933806;;;Esso - Via Lavio;Gasolio Premium;2.229;Servito;20260704
35566;Esso;46.2405648;13.0933806;;;Esso - Via Lavio;Gasolio;1.949;SelfService;20260704
35566;Esso;46.2405648;13.0933806;;;Esso - Via Lavio;Gasolio;2.109;Servito;20260704
35586;IP;45.7994490;13.5277140;;;Ip Services S.R.L.;Benzina;1.839;SelfService;20260704
35586;IP;45.7994490;13.5277140;;;Ip Services S.R.L.;Gasolio;1.929;SelfService;20260704
35710;;45.9320726;13.1464827;;;Coppino Mattia;Benzina Energy 98 ottani;1.929;Servito;20260704
35710;;45.9320726;13.1464827;;;Coppino Mattia;Benzina Energy 98 ottani;1.929;SelfService;20260704
35710;;45.9320726;13.1464827;;;Coppino Mattia;Benzina;1.829;Servito;20260704
35710;;45.9320726;13.1464827;;;Coppino Mattia;Benzina;1.829;SelfService;20260704
35710;;45.9320726;13.1464827;;;Coppino Mattia;GPL;0.799;Servito;20260704
35710;;45.9320726;13.1464827;;;Coppino Mattia;Gasolio Energy D;1.979;Servito;20260704
35710;;45.9320726;13.1464827;;;Coppino Mattia;Gasolio Energy D;1.979;SelfService;20260704
35710;;45.9320726;13.1464827;;;Coppino Mattia;Gasolio;1.929;Servito;20260704
35710;;45.9320726;13.1464827;;;Coppino Mattia;Gasolio;1.929;SelfService;20260704
35819;IP;46.1210521;13.0008388;;;Singh Manjit;Benzina;1.789;Servito;20260630
35819;IP;46.1210521;13.0008388;;;Singh Manjit;GPL;0.709;Servito;20260630
35819;IP;46.1210521;13.0008388;;;Singh Manjit;Gasolio;1.879;Servito;20260630
36240;Esso;45.6894528;13.1329477;;;Galasso Giorgio;Benzina;1.889;Servito;20260703
36240;Esso;45.6894528;13.1329477;;;Galasso Giorgio;Gasolio Premium;2.179;Servito;20260703
36240;Esso;45.6894528;13.1329477;;;Galasso Giorgio;Gasolio;1.959;Servito;20260703
36400;Esso;46.4986252;13.3766814;;;Nuova Sidap S.R.L.;Benzina;2.019;SelfService;20260704
36400;Esso;46.4986252;13.3766814;;;Nuova Sidap S.R.L.;Benzina;2.139;Servito;20260704
36400;Esso;46.4986252;13.3766814;;;Nuova Sidap S.R.L.;Gasolio;2.089;SelfService;20260704
36400;Esso;46.4986252;13.3766814;;;Nuova Sidap S.R.L.;Gasolio;2.209;Servito;20260704
36400;Esso;46.4986252;13.3766814;;;Nuova Sidap S.R.L.;Supreme Diesel;2.209;SelfService;20260704
36400;Esso;46.4986252;13.3766814;;;Nuova Sidap S.R.L.;Supreme Diesel;2.329;Servito;20260704
36416;Sarni Oil;46.1857730;13.1193710;;;Sarni S.R.L.;Benzina;1.898;SelfService;20260703
36416;Sarni Oil;46.1857730;13.1193710;;;Sarni S.R.L.;Benzina;2.098;Servito;20260703
36416;Sarni Oil;46.1857730;13.1193710;;;Sarni S.R.L.;GPL;0.899;Servito;20260701
36416;Sarni Oil;46.1857730;13.1193710;;;Sarni S.R.L.;Gasolio speciale;2.199;SelfService;20260703
36416;Sarni Oil;46.1857730;13.1193710;;;Sarni S.R.L.;Gasolio speciale;2.399;Servito;20260703
36416;Sarni Oil;46.1857730;13.1193710;;;Sarni S.R.L.;Gasolio;1.998;SelfService;20260703
36416;Sarni Oil;46.1857730;13.1193710;;;Sarni S.R.L.;Gasolio;2.198;Servito;20260703
36502;IP;46.0302138;13.1028162;;;;Benzina;1.799;Servito;20260704
36502;IP;46.0302138;13.1028162;;;;GPL;0.729;Servito;20260704
36502;IP;46.0302138;13.1028162;;;;Gasolio;1.899;Servito;20260704
36503;;46.0853205;13.0299877;;;Singh Nirmal;Benzina;1.829;Servito;20260704
36503;;46.0853205;13.0299877;;;Singh Nirmal;GPL;0.726;Servito;20260704
36503;;46.0853205;13.0299877;;;Singh Nirmal;Gasolio;1.899;Servito;20260704
36921;Distributore ESSO;46.2358745;13.0750952;;;Be.Oil di Fabbro Edoardo & C. S.A.S.;Benzina;1.859;SelfService;20260704
36921;Distributore ESSO;46.2358745;13.0750952;;;Be.Oil di Fabbro Edoardo & C. S.A.S.;Gasolio Premium;2.039;SelfService;20260704
36921;Distributore ESSO;46.2358745;13.0750952;;;Be.Oil di Fabbro Edoardo & C. S.A.S.;Gasolio;1.919;SelfService;20260704
36989;IP;45.9770955;13.1983666;;;;Benzina;1.829;SelfService;20260704
36989;IP;45.9770955;13.1983666;;;;Gasolio;1.929;SelfService;20260704
37269;Esso;45.9380570;13.6027910;;;Lovisini Fulvio;Benzina;1.859;SelfService;20260704
37269;Esso;45.9380570;13.6027910;;;Lovisini Fulvio;Gasolio;1.969;SelfService;20260704
37269;Esso;45.9380570;13.6027910;;;Lovisini Fulvio;Supreme Diesel;2.129;SelfService;20260704
37480;San Marco Petroli;45.9036873;13.1818526;;;;Benzina;1.940;SelfService;20260704
37480;San Marco Petroli;45.9036873;13.1818526;;;;Gasolio;1.930;SelfService;20260704
37517;Api-Ip;46.4174600;12.5847248;;;D'Andrea Stefano;Benzina;1.920;Servito;20260704
37517;Api-Ip;46.4174600;12.5847248;;;D'Andrea Stefano;Benzina;1.920;SelfService;20260704
37517;Api-Ip;46.4174600;12.5847248;;;D'Andrea Stefano;Gasolio;2.010;Servito;20260704
37517;Api-Ip;46.4174600;12.5847248;;;D'Andrea Stefano;Gasolio;2.010;SelfService;20260704
37731;Tamoil;45.9687840;12.6154430;;;T.D.M. S.R.L.;Benzina WR 100;1.959;SelfService;20260704
37731;Tamoil;45.9687840;12.6154430;;;T.D.M. S.R.L.;Benzina;1.809;SelfService;20260704
37731;Tamoil;45.9687840;12.6154430;;;T.D.M. S.R.L.;Gasolio;1.859;SelfService;20260704
37731;Tamoil;45.9687840;12.6154430;;;T.D.M. S.R.L.;HVO;1.829;SelfService;20260704
38336;Esso;46.0641688;13.2125243;;;Gasoline di Andrea De Benedetti;Benzina;1.889;SelfService;20260704
38336;Esso;46.0641688;13.2125243;;;Gasoline di Andrea De Benedetti;Gasolio;1.959;SelfService;20260704
38336;Esso;46.0641688;13.2125243;;;Gasoline di Andrea De Benedetti;Supreme Diesel;2.069;SelfService;20260704
38392;Costantin;45.9841107;12.6434827;;;Commercio Petroli S.R.L.;Benzina;1.768;SelfService;20260704
38392;Costantin;45.9841107;12.6434827;;;Commercio Petroli S.R.L.;Gasolio;1.868;SelfService;20260704
38392;Costantin;45.9841107;12.6434827;;;Commercio Petroli S.R.L.;HVO100;1.839;SelfService;20260704
38527;Tamoil;46.3984188;13.1671584;;;Sarni S.R.L.;Benzina;1.969;SelfService;20260704
38527;Tamoil;46.3984188;13.1671584;;;Sarni S.R.L.;Benzina;2.189;Servito;20260704
38527;Tamoil;46.3984188;13.1671584;;;Sarni S.R.L.;Gasolio Ecoplus;2.199;SelfService;20260701
38527;Tamoil;46.3984188;13.1671584;;;Sarni S.R.L.;Gasolio Ecoplus;2.399;Servito;20260701
38527;Tamoil;46.3984188;13.1671584;;;Sarni S.R.L.;Gasolio;2.069;SelfService;20260704
38527;Tamoil;46.3984188;13.1671584;;;Sarni S.R.L.;Gasolio;2.289;Servito;20260704
38619;Eni;45.6691853;13.7644177;;;Zol Franco - Carburanti;Benzina;1.869;SelfService;20260705
38619;Eni;45.6691853;13.7644177;;;Zol Franco - Carburanti;Benzina;2.089;Servito;20260704
38619;Eni;45.6691853;13.7644177;;;Zol Franco - Carburanti;Blue Diesel;2.049;SelfService;20260705
38619;Eni;45.6691853;13.7644177;;;Zol Franco - Carburanti;Blue Diesel;2.269;Servito;20260704
38619;Eni;45.6691853;13.7644177;;;Zol Franco - Carburanti;Blue Super;1.000;Servito;20260704
38619;Eni;45.6691853;13.7644177;;;Zol Franco - Carburanti;Blue Super;1.000;SelfService;20260705
38619;Eni;45.6691853;13.7644177;;;Zol Franco - Carburanti;Gasolio;1.949;SelfService;20260705
38619;Eni;45.6691853;13.7644177;;;Zol Franco - Carburanti;Gasolio;2.169;Servito;20260704
38728;Q8;46.0158648;13.2694275;;;Fabro Michele;Benzina;1.799;SelfService;20260704
38728;Q8;46.0158648;13.2694275;;;Fabro Michele;Benzina;1.969;Servito;20260704
38728;Q8;46.0158648;13.2694275;;;Fabro Michele;Gasolio;1.899;SelfService;20260704
38728;Q8;46.0158648;13.2694275;;;Fabro Michele;Gasolio;2.069;Servito;20260704
38728;Q8;46.0158648;13.2694275;;;Fabro Michele;HVO;2.099;SelfService;20260704
39018;IP;46.1366161;13.2221497;;;Ghulam Kharian di Ahmed Waqas S.A.S.;Benzina;1.839;SelfService;20260704
39018;IP;46.1366161;13.2221497;;;Ghulam Kharian di Ahmed Waqas S.A.S.;GPL;0.736;Servito;20260704
39018;IP;46.1366161;13.2221497;;;Ghulam Kharian di Ahmed Waqas S.A.S.;Gasolio;1.899;SelfService;20260704
39125;Agip;46.5062280;13.5652510;;;Collini Mauro;Benzina;2.069;Servito;20260703
39125;Agip;46.5062280;13.5652510;;;Collini Mauro;Blue Diesel;2.219;Servito;20260703
39125;Agip;46.5062280;13.5652510;;;Collini Mauro;Gasolio;2.119;Servito;20260703
39261;Esso;45.8286814;13.2809270;;;Gasoline S.A.S. di Maccagnan Gian Luca & C.;Benzina;1.809;SelfService;20260702
39261;Esso;45.8286814;13.2809270;;;Gasoline S.A.S. di Maccagnan Gian Luca & C.;Benzina;1.959;Servito;20260702
39261;Esso;45.8286814;13.2809270;;;Gasoline S.A.S. di Maccagnan Gian Luca & C.;Gasolio Premium;2.109;SelfService;20260702
39261;Esso;45.8286814;13.2809270;;;Gasoline S.A.S. di Maccagnan Gian Luca & C.;Gasolio Premium;2.259;Servito;20260702
39261;Esso;45.8286814;13.2809270;;;Gasoline S.A.S. di Maccagnan Gian Luca & C.;Gasolio;1.889;SelfService;20260702
39261;Esso;45.8286814;13.2809270;;;Gasoline S.A.S. di Maccagnan Gian Luca & C.;Gasolio;2.039;Servito;20260702
39462;J & J Service;45.6580271;13.7946352;;;Pitacco Ermanno;Benzina;1.864;SelfService;20260704
39462;J & J Service;45.6580271;13.7946352;;;Pitacco Ermanno;Benzina;2.034;Servito;20260704
39462;J & J Service;45.6580271;13.7946352;;;Pitacco Ermanno;Blue Diesel;2.044;SelfService;20260704
39462;J & J Service;45.6580271;13.7946352;;;Pitacco Ermanno;Blue Diesel;2.254;Servito;20260704
39462;J & J Service;45.6580271;13.7946352;;;Pitacco Ermanno;Gasolio;1.944;SelfService;20260704
39462;J & J Service;45.6580271;13.7946352;;;Pitacco Ermanno;Gasolio;2.094;Servito;20260704
39804;Sarni Oil;45.8817480;13.2594680;;;Sarni S.R.L.;Benzina;1.898;SelfService;20260704
39804;Sarni Oil;45.8817480;13.2594680;;;Sarni S.R.L.;Benzina;2.099;Servito;20260704
39804;Sarni Oil;45.8817480;13.2594680;;;Sarni S.R.L.;Blue Diesel;2.099;SelfService;20260704
39804;Sarni Oil;45.8817480;13.2594680;;;Sarni S.R.L.;Blue Diesel;2.299;Servito;20260704
39804;Sarni Oil;45.8817480;13.2594680;;;Sarni S.R.L.;GPL;0.899;Servito;20260704
39804;Sarni Oil;45.8817480;13.2594680;;;Sarni S.R.L.;Gasolio;1.999;SelfService;20260704
39804;Sarni Oil;45.8817480;13.2594680;;;Sarni S.R.L.;Gasolio;2.199;Servito;20260704
3981;Esso;46.0971470;13.0908110;;;Lizzi & C. S.A.S. di Bertuzzi Graziella;Benzina;1.799;SelfService;20260629
3981;Esso;46.0971470;13.0908110;;;Lizzi & C. S.A.S. di Bertuzzi Graziella;Benzina;1.925;Servito;20260629
3981;Esso;46.0971470;13.0908110;;;Lizzi & C. S.A.S. di Bertuzzi Graziella;Gasolio Premium;2.049;SelfService;20260629
3981;Esso;46.0971470;13.0908110;;;Lizzi & C. S.A.S. di Bertuzzi Graziella;Gasolio Premium;2.169;Servito;20260629
3981;Esso;46.0971470;13.0908110;;;Lizzi & C. S.A.S. di Bertuzzi Graziella;Gasolio;1.899;SelfService;20260629
3981;Esso;46.0971470;13.0908110;;;Lizzi & C. S.A.S. di Bertuzzi Graziella;Gasolio;2.019;Servito;20260629
40343;;46.0147418;13.2184125;;;Sarni S.R.L.;Benzina;1.899;SelfService;20260701
40343;;46.0147418;13.2184125;;;Sarni S.R.L.;Benzina;2.099;Servito;20260701
40343;;46.0147418;13.2184125;;;Sarni S.R.L.;Gasolio speciale;2.199;SelfService;20260701
40343;;46.0147418;13.2184125;;;Sarni S.R.L.;Gasolio speciale;2.399;Servito;20260701
40343;;46.0147418;13.2184125;;;Sarni S.R.L.;Gasolio;1.999;SelfService;20260701
40343;;46.0147418;13.2184125;;;Sarni S.R.L.;Gasolio;2.199;Servito;20260701
40344;Sarni Oil;46.0157300;13.2190373;;;Sarni S.R.L.;Benzina;1.969;Servito;20260704
40344;Sarni Oil;46.0157300;13.2190373;;;Sarni S.R.L.;Benzina;1.969;SelfService;20260704
40344;Sarni Oil;46.0157300;13.2190373;;;Sarni S.R.L.;Gasolio;2.049;SelfService;20260704
40344;Sarni Oil;46.0157300;13.2190373;;;Sarni S.R.L.;Gasolio;2.249;Servito;20260704
40503;IP;46.0736575;13.2218124;;;Singh Jasbir;Benzina;1.859;Servito;20260704
40503;IP;46.0736575;13.2218124;;;Singh Jasbir;Gasolio;1.959;Servito;20260704
40572;Esso;46.5055053;13.5693900;;;Autostazione Rifornimenti S.N.C. di Del Ross Alberto & C.;Benzina;2.095;SelfService;20260629
40572;Esso;46.5055053;13.5693900;;;Autostazione Rifornimenti S.N.C. di Del Ross Alberto & C.;Gasolio;2.145;SelfService;20260629
40869;Agip;45.9636925;12.6509826;;;La Perla S.N.C. di Mohammad Sajjad & C.;Benzina;1.854;SelfService;20260704
40869;Agip;45.9636925;12.6509826;;;La Perla S.N.C. di Mohammad Sajjad & C.;Benzina;2.074;Servito;20260704
40869;Agip;45.9636925;12.6509826;;;La Perla S.N.C. di Mohammad Sajjad & C.;Blue Diesel;2.049;SelfService;20260704
40869;Agip;45.9636925;12.6509826;;;La Perla S.N.C. di Mohammad Sajjad & C.;Blue Diesel;2.269;Servito;20260704
40869;Agip;45.9636925;12.6509826;;;La Perla S.N.C. di Mohammad Sajjad & C.;Gasolio;1.949;SelfService;20260704
40869;Agip;45.9636925;12.6509826;;;La Perla S.N.C. di Mohammad Sajjad & C.;Gasolio;2.169;Servito;20260704
40931;Tamoil;46.4171650;12.7900390;;;Martinis Maria Dora;Benzina;1.899;Servito;20260704
40931;Tamoil;46.4171650;12.7900390;;;Martinis Maria Dora;Benzina;1.899;SelfService;20260704
40931;Tamoil;46.4171650;12.7900390;;;Martinis Maria Dora;Gasolio Gelo;1.969;Servito;20260704
40931;Tamoil;46.4171650;12.7900390;;;Martinis Maria Dora;Gasolio Gelo;1.969;SelfService;20260704
40931;Tamoil;46.4171650;12.7900390;;;Martinis Maria Dora;Gasolio;1.969;Servito;20260704
40931;Tamoil;46.4171650;12.7900390;;;Martinis Maria Dora;Gasolio;1.969;SelfService;20260704
41030;;46.2246863;13.0109245;;;Vr Group di Vincenti Christian;Benzina;1.919;SelfService;20260704
41030;;46.2246863;13.0109245;;;Vr Group di Vincenti Christian;Gasolio;1.999;SelfService;20260704
41312;Agip;46.2812707;13.0806717;;;Be.Oil di Fabbro Edoardo & C. S.A.S.;Benzina;1.879;Servito;20260704
41312;Agip;46.2812707;13.0806717;;;Be.Oil di Fabbro Edoardo & C. S.A.S.;Benzina;1.879;SelfService;20260704
41312;Agip;46.2812707;13.0806717;;;Be.Oil di Fabbro Edoardo & C. S.A.S.;F101;2.079;Servito;20260704
41312;Agip;46.2812707;13.0806717;;;Be.Oil di Fabbro Edoardo & C. S.A.S.;F101;2.079;SelfService;20260704
41312;Agip;46.2812707;13.0806717;;;Be.Oil di Fabbro Edoardo & C. S.A.S.;GP DIESEL;2.089;Servito;20260704
41312;Agip;46.2812707;13.0806717;;;Be.Oil di Fabbro Edoardo & C. S.A.S.;GP DIESEL;2.089;SelfService;20260704
41312;Agip;46.2812707;13.0806717;;;Be.Oil di Fabbro Edoardo & C. S.A.S.;Gasolio;1.939;Servito;20260704
41312;Agip;46.2812707;13.0806717;;;Be.Oil di Fabbro Edoardo & C. S.A.S.;Gasolio;1.939;SelfService;20260704
42415;;45.8028100;13.2276200;;;Cantieri Marina San Giorgio S.p.A.;Benzina;2.035;Servito;20260704
42415;;45.8028100;13.2276200;;;Cantieri Marina San Giorgio S.p.A.;Gasolio;2.100;Servito;20260704
43098;Eni;46.0505784;13.2478580;;;Auto Metano Udine di Rosso Cristian & C S.A.S.;Benzina;1.829;SelfService;20260704
43098;Eni;46.0505784;13.2478580;;;Auto Metano Udine di Rosso Cristian & C S.A.S.;Blue Diesel;1.994;SelfService;20260704
43098;Eni;46.0505784;13.2478580;;;Auto Metano Udine di Rosso Cristian & C S.A.S.;Gasolio;1.894;SelfService;20260704
43098;Eni;46.0505784;13.2478580;;;Auto Metano Udine di Rosso Cristian & C S.A.S.;HVOlution;1.894;SelfService;20260704
43804;;45.9430704;13.1004506;;;Kumar Sanjeev & Tirath Ram S.N.C.;Benzina;1.839;Servito;20260704
43804;;45.9430704;13.1004506;;;Kumar Sanjeev & Tirath Ram S.N.C.;GPL;0.726;Servito;20260704
43804;;45.9430704;13.1004506;;;Kumar Sanjeev & Tirath Ram S.N.C.;Gasolio;1.899;Servito;20260704
44979;Esso;46.0755782;13.2376272;;;Geff S.R.L.;Benzina;1.869;SelfService;20260704
44979;Esso;46.0755782;13.2376272;;;Geff S.R.L.;Gasolio;1.939;SelfService;20260704
45246;Agip;45.8342947;13.1939850;;;Geff S.R.L.;Benzina;1.899;SelfService;20260704
45246;Agip;45.8342947;13.1939850;;;Geff S.R.L.;Gasolio;1.929;SelfService;20260704
45247;IP;45.9649180;12.9548340;;;Geff S.R.L.;Benzina;1.849;SelfService;20260704
45247;IP;45.9649180;12.9548340;;;Geff S.R.L.;Gasolio;1.929;SelfService;20260704
45255;IP;46.0824695;13.1737355;;;Kaur Amandeep;Benzina;1.819;Servito;20260704
45255;IP;46.0824695;13.1737355;;;Kaur Amandeep;Gasolio;1.889;Servito;20260704
45255;IP;46.0824695;13.1737355;;;Kaur Amandeep;Metano;1.489;Servito;20260704
45261;IP;46.1912720;12.5639359;;;GEFF S.R.L.;Benzina;1.889;SelfService;20260704
45261;IP;46.1912720;12.5639359;;;GEFF S.R.L.;Gasolio;1.969;SelfService;20260704
45262;IP;46.0519398;13.0500299;;;Geff S.R.L.;Benzina;1.839;SelfService;20260704
45262;IP;46.0519398;13.0500299;;;Geff S.R.L.;Gasolio;1.909;SelfService;20260704
45355;IP;45.8892316;13.3092598;;;Geff S.R.L.;Benzina;1.849;SelfService;20260705
45355;IP;45.8892316;13.3092598;;;Geff S.R.L.;Gasolio;1.929;SelfService;20260705
45703;IP;46.0334327;13.2459891;;;Kumar Mohit;Benzina;1.849;Servito;20260704
45703;IP;46.0334327;13.2459891;;;Kumar Mohit;GPL;0.746;Servito;20260704
45703;IP;46.0334327;13.2459891;;;Kumar Mohit;Gasolio;1.899;Servito;20260704
45703;IP;46.0334327;13.2459891;;;Kumar Mohit;Metano;1.489;Servito;20260704
46034;IP;46.5150276;12.8657683;;;G.T S.N.C. di Reputin Vittorio e Bellondi Gianmaria;Benzina;1.949;SelfService;20260704
46034;IP;46.5150276;12.8657683;;;G.T S.N.C. di Reputin Vittorio e Bellondi Gianmaria;Benzina;2.159;Servito;20260704
46034;IP;46.5150276;12.8657683;;;G.T S.N.C. di Reputin Vittorio e Bellondi Gianmaria;Blue Diesel;2.099;SelfService;20260704
46034;IP;46.5150276;12.8657683;;;G.T S.N.C. di Reputin Vittorio e Bellondi Gianmaria;Blue Diesel;2.309;Servito;20260704
46034;IP;46.5150276;12.8657683;;;G.T S.N.C. di Reputin Vittorio e Bellondi Gianmaria;Blue Super;2.099;SelfService;20260704
46034;IP;46.5150276;12.8657683;;;G.T S.N.C. di Reputin Vittorio e Bellondi Gianmaria;Blue Super;2.309;Servito;20260704
46034;IP;46.5150276;12.8657683;;;G.T S.N.C. di Reputin Vittorio e Bellondi Gianmaria;Gasolio;1.999;SelfService;20260704
46034;IP;46.5150276;12.8657683;;;G.T S.N.C. di Reputin Vittorio e Bellondi Gianmaria;Gasolio;2.209;Servito;20260704
46189;Esso;45.6817891;13.4047546;;;Geff S.R.L.;Benzina;1.809;SelfService;20260704
46189;Esso;45.6817891;13.4047546;;;Geff S.R.L.;Gasolio;1.889;SelfService;20260704
46269;gdp;45.8143277;13.3400109;;;Gdp S.R.L.- Cervignano Del F.;Benzina;1.799;SelfService;20260704
46269;gdp;45.8143277;13.3400109;;;Gdp S.R.L.- Cervignano Del F.;Benzina;1.851;Servito;20260704
46269;gdp;45.8143277;13.3400109;;;Gdp S.R.L.- Cervignano Del F.;Gasolio;1.899;SelfService;20260704
46269;gdp;45.8143277;13.3400109;;;Gdp S.R.L.- Cervignano Del F.;Gasolio;1.951;Servito;20260704
46269;gdp;45.8143277;13.3400109;;;Gdp S.R.L.- Cervignano Del F.;HVO;1.899;SelfService;20260704
46396;Esso;46.4030586;13.0188957;;;Mb.Service di Mella Nicola e Bearzi Michele S.N.C.;Benzina;1.889;SelfService;20260704
46396;Esso;46.4030586;13.0188957;;;Mb.Service di Mella Nicola e Bearzi Michele S.N.C.;Benzina;2.049;Servito;20260704
46396;Esso;46.4030586;13.0188957;;;Mb.Service di Mella Nicola e Bearzi Michele S.N.C.;Gasolio artico;1.959;SelfService;20260704
46396;Esso;46.4030586;13.0188957;;;Mb.Service di Mella Nicola e Bearzi Michele S.N.C.;Gasolio artico;2.119;Servito;20260704
46396;Esso;46.4030586;13.0188957;;;Mb.Service di Mella Nicola e Bearzi Michele S.N.C.;Gasolio;1.959;SelfService;20260704
46396;Esso;46.4030586;13.0188957;;;Mb.Service di Mella Nicola e Bearzi Michele S.N.C.;Gasolio;2.119;Servito;20260704
46396;Esso;46.4030586;13.0188957;;;Mb.Service di Mella Nicola e Bearzi Michele S.N.C.;Supreme Diesel;2.079;SelfService;20260704
46396;Esso;46.4030586;13.0188957;;;Mb.Service di Mella Nicola e Bearzi Michele S.N.C.;Supreme Diesel;2.239;Servito;20260704
46566;;45.9240300;12.9430100;;;Zanchetta Pietro;Benzina;1.857;SelfService;20260629
46566;;45.9240300;12.9430100;;;Zanchetta Pietro;Gasolio;1.957;SelfService;20260629
46821;Tamoil;45.6553657;13.7762410;;;T.D.M. S.R.L.;Benzina;1.899;Servito;20260704
46821;Tamoil;45.6553657;13.7762410;;;T.D.M. S.R.L.;Benzina;1.899;SelfService;20260704
46821;Tamoil;45.6553657;13.7762410;;;T.D.M. S.R.L.;Gasolio;1.989;Servito;20260704
46821;Tamoil;45.6553657;13.7762410;;;T.D.M. S.R.L.;Gasolio;1.989;SelfService;20260704
47011;IP;45.9423551;13.0591413;;;Geff S.R.L.;Benzina;1.839;SelfService;20260704
47011;IP;45.9423551;13.0591413;;;Geff S.R.L.;Gasolio;1.919;SelfService;20260704
47014;Esso;45.9341470;13.6035740;;;Geff S.R.L.;Benzina;1.859;SelfService;20260704
47014;Esso;45.9341470;13.6035740;;;Geff S.R.L.;Gasolio;1.969;SelfService;20260704
47037;IP;46.5489890;12.8543690;;;Geff S.R.L.;Benzina;1.919;SelfService;20260704
47037;IP;46.5489890;12.8543690;;;Geff S.R.L.;Gasolio;1.999;SelfService;20260704
47089;Tamoil Stazione di servizio 6234;45.6862770;13.7476441;;;T.D.M. S.r.l.;Benzina;1.889;Servito;20260704
47089;Tamoil Stazione di servizio 6234;45.6862770;13.7476441;;;T.D.M. S.r.l.;Benzina;1.889;SelfService;20260704
47089;Tamoil Stazione di servizio 6234;45.6862770;13.7476441;;;T.D.M. S.r.l.;Gasolio;1.979;Servito;20260704
47089;Tamoil Stazione di servizio 6234;45.6862770;13.7476441;;;T.D.M. S.r.l.;Gasolio;1.979;SelfService;20260704
47169;Stazione di servizio GNP - Monfalcone;45.7922625;13.5601720;;;Gruppo Nord Petroli S.R.L.;Benzina;1.819;SelfService;20260704
47169;Stazione di servizio GNP - Monfalcone;45.7922625;13.5601720;;;Gruppo Nord Petroli S.R.L.;Gasolio;1.919;SelfService;20260704
47169;Stazione di servizio GNP - Monfalcone;45.7922625;13.5601720;;;Gruppo Nord Petroli S.R.L.;HVO;1.889;SelfService;20260704
47777;ESSO;45.6178992;13.8150263;;;Meva Società a Responsabilità Limitata Semplificata;Benzina;1.819;SelfService;20260702
47777;ESSO;45.6178992;13.8150263;;;Meva Società a Responsabilità Limitata Semplificata;Gasolio;1.939;SelfService;20260702
47777;ESSO;45.6178992;13.8150263;;;Meva Società a Responsabilità Limitata Semplificata;Supreme Diesel;2.239;SelfService;20260702
47902;Oil Italia;46.5265771;13.0127002;;;Oil Italia S.R.L. Oil Italia Gmbh;Benzina;1.817;Servito;20260704
47902;Oil Italia;46.5265771;13.0127002;;;Oil Italia S.R.L. Oil Italia Gmbh;Benzina;1.817;SelfService;20260704
47902;Oil Italia;46.5265771;13.0127002;;;Oil Italia S.R.L. Oil Italia Gmbh;Gasolio;1.897;Servito;20260704
47902;Oil Italia;46.5265771;13.0127002;;;Oil Italia S.R.L. Oil Italia Gmbh;Gasolio;1.897;SelfService;20260704
48108;Agip;46.0733050;13.2677610;;;Auto Metano Udine di Rosso Cristian & C S.A.S.;Benzina;1.829;SelfService;20260704
48108;Agip;46.0733050;13.2677610;;;Auto Metano Udine di Rosso Cristian & C S.A.S.;Blue Diesel;1.994;SelfService;20260704
48108;Agip;46.0733050;13.2677610;;;Auto Metano Udine di Rosso Cristian & C S.A.S.;Gasolio;1.894;SelfService;20260704
48573;Q8 Easy;46.1165616;13.2239162;;;Servizi & Gestioni Italia S.R.L.;Benzina;1.869;SelfService;20260704
48573;Q8 Easy;46.1165616;13.2239162;;;Servizi & Gestioni Italia S.R.L.;Gasolio;1.909;SelfService;20260704
48900;IP;46.0322340;13.2170950;;;Singh Inder Deep;Benzina;1.879;SelfService;20260704
48900;IP;46.0322340;13.2170950;;;Singh Inder Deep;Benzina;2.089;Servito;20260704
48900;IP;46.0322340;13.2170950;;;Singh Inder Deep;Gasolio;1.969;SelfService;20260704
48900;IP;46.0322340;13.2170950;;;Singh Inder Deep;Gasolio;2.179;Servito;20260704
49016;IP;46.0084830;13.4367940;;;V&C Carburanti S.N.C. di Mahmood Asad & C.;Benzina;1.788;Servito;20260702
49016;IP;46.0084830;13.4367940;;;V&C Carburanti S.N.C. di Mahmood Asad & C.;Gasolio;1.858;Servito;20260702
49018;IP;46.0586332;13.3828228;;;V & C Carburanti S.N.C.;Benzina;1.788;Servito;20260704
49018;IP;46.0586332;13.3828228;;;V & C Carburanti S.N.C.;GPL;0.729;Servito;20260704
49018;IP;46.0586332;13.3828228;;;V & C Carburanti S.N.C.;Gasolio;1.858;Servito;20260704
49248;Eni;46.0331350;13.3017180;;;Sachdeva Ashok;Benzina;1.865;SelfService;20260704
49248;Eni;46.0331350;13.3017180;;;Sachdeva Ashok;Blue Diesel;2.044;SelfService;20260704
49248;Eni;46.0331350;13.3017180;;;Sachdeva Ashok;Gasolio;1.944;SelfService;20260704
49270;Eni;45.8378802;13.2114657;;;Eni Station;Benzina;1.865;SelfService;20260704
49270;Eni;45.8378802;13.2114657;;;Eni Station;Benzina;2.075;Servito;20260704
49270;Eni;45.8378802;13.2114657;;;Eni Station;Blue Diesel;2.044;SelfService;20260704
49270;Eni;45.8378802;13.2114657;;;Eni Station;Blue Diesel;2.254;Servito;20260704
49270;Eni;45.8378802;13.2114657;;;Eni Station;Gasolio;1.944;SelfService;20260704
49270;Eni;45.8378802;13.2114657;;;Eni Station;Gasolio;2.154;Servito;20260704
49270;Eni;45.8378802;13.2114657;;;Eni Station;HVOlution;1.944;SelfService;20260704
49270;Eni;45.8378802;13.2114657;;;Eni Station;HVOlution;2.154;Servito;20260704
49549;Eni;45.9905070;13.3653190;;;Eni Fuel S.P.A.;Benzina;1.789;SelfService;20260705
49549;Eni;45.9905070;13.3653190;;;Eni Fuel S.P.A.;Benzina;2.009;Servito;20260704
49549;Eni;45.9905070;13.3653190;;;Eni Fuel S.P.A.;Gasolio;1.889;SelfService;20260705
49549;Eni;45.9905070;13.3653190;;;Eni Fuel S.P.A.;Gasolio;2.109;Servito;20260704
49549;Eni;45.9905070;13.3653190;;;Eni Fuel S.P.A.;HVOlution;1.889;SelfService;20260705
49549;Eni;45.9905070;13.3653190;;;Eni Fuel S.P.A.;HVOlution;2.109;Servito;20260704
49589;Agip;45.9375709;13.6166099;;;Diana Massimiliano;Benzina;1.869;SelfService;20260704
49589;Agip;45.9375709;13.6166099;;;Diana Massimiliano;Benzina;2.089;Servito;20260704
49589;Agip;45.9375709;13.6166099;;;Diana Massimiliano;Blue Diesel;2.049;SelfService;20260704
49589;Agip;45.9375709;13.6166099;;;Diana Massimiliano;Blue Diesel;2.269;Servito;20260704
49589;Agip;45.9375709;13.6166099;;;Diana Massimiliano;Gasolio;1.949;SelfService;20260704
49589;Agip;45.9375709;13.6166099;;;Diana Massimiliano;Gasolio;2.169;Servito;20260704
49589;Agip;45.9375709;13.6166099;;;Diana Massimiliano;HVOlution;1.949;SelfService;20260704
50136;Conad;46.0826655;13.1784457;;;Spazio Conad Martignacco;Benzina;1.795;SelfService;20260703
50136;Conad;46.0826655;13.1784457;;;Spazio Conad Martignacco;Gasolio;1.865;SelfService;20260703
50406;IP;46.0711080;13.2371562;;;Hassan Ali;Benzina;1.889;Servito;20260704
50406;IP;46.0711080;13.2371562;;;Hassan Ali;Gasolio;1.969;Servito;20260704
50653;Stazione di servizio ESSO Riva Gabriele;45.7200848;13.7214831;;;Riva Gabriele;Benzina;1.879;Servito;20260704
50653;Stazione di servizio ESSO Riva Gabriele;45.7200848;13.7214831;;;Riva Gabriele;Benzina;1.879;SelfService;20260704
50653;Stazione di servizio ESSO Riva Gabriele;45.7200848;13.7214831;;;Riva Gabriele;Gasolio;1.979;Servito;20260704
50653;Stazione di servizio ESSO Riva Gabriele;45.7200848;13.7214831;;;Riva Gabriele;Gasolio;1.979;SelfService;20260704
50653;Stazione di servizio ESSO Riva Gabriele;45.7200848;13.7214831;;;Riva Gabriele;Supreme Diesel;2.299;Servito;20260704
50653;Stazione di servizio ESSO Riva Gabriele;45.7200848;13.7214831;;;Riva Gabriele;Supreme Diesel;2.299;SelfService;20260704
50655;Gasfin;45.6392360;13.7737864;;;Magamaste S.N.C. di Stefano Riva & C.;Benzina;1.879;SelfService;20260703
50655;Gasfin;45.6392360;13.7737864;;;Magamaste S.N.C. di Stefano Riva & C.;Gasolio;1.979;SelfService;20260703
50655;Gasfin;45.6392360;13.7737864;;;Magamaste S.N.C. di Stefano Riva & C.;Supreme Diesel;2.299;SelfService;20260703
50718;Esso;46.1441190;12.9788230;;;Geff S.R.L.;Benzina;1.899;SelfService;20260704
50718;Esso;46.1441190;12.9788230;;;Geff S.R.L.;Gasolio;1.969;SelfService;20260704
50747;ENI ENIMOV;45.6152860;13.7908860;;;Eni Fuel S.P.A.;Benzina;1.809;SelfService;20260704
50747;ENI ENIMOV;45.6152860;13.7908860;;;Eni Fuel S.P.A.;Benzina;2.029;Servito;20260704
50747;ENI ENIMOV;45.6152860;13.7908860;;;Eni Fuel S.P.A.;Blue Diesel;1.989;SelfService;20260704
50747;ENI ENIMOV;45.6152860;13.7908860;;;Eni Fuel S.P.A.;Blue Diesel;2.209;Servito;20260704
50747;ENI ENIMOV;45.6152860;13.7908860;;;Eni Fuel S.P.A.;Gasolio;1.889;SelfService;20260704
50747;ENI ENIMOV;45.6152860;13.7908860;;;Eni Fuel S.P.A.;Gasolio;2.109;Servito;20260704
50747;ENI ENIMOV;45.6152860;13.7908860;;;Eni Fuel S.P.A.;HVOlution;1.889;SelfService;20260704
50781;Esso;46.3949900;13.2152760;;;01959 Esso - Resiutta;Benzina;1.899;SelfService;20260704
50781;Esso;46.3949900;13.2152760;;;01959 Esso - Resiutta;Gasolio;1.989;SelfService;20260704
50899;Agip;46.0248633;13.1684443;;;fratelli Rinaldi S.N.C. di Matteo e Paolo Rinaldi;Benzina;1.929;SelfService;20260705
50899;Agip;46.0248633;13.1684443;;;fratelli Rinaldi S.N.C. di Matteo e Paolo Rinaldi;Benzina;2.139;Servito;20260704
50899;Agip;46.0248633;13.1684443;;;fratelli Rinaldi S.N.C. di Matteo e Paolo Rinaldi;Blue Diesel;2.079;SelfService;20260705
50899;Agip;46.0248633;13.1684443;;;fratelli Rinaldi S.N.C. di Matteo e Paolo Rinaldi;Blue Diesel;2.289;Servito;20260704
50899;Agip;46.0248633;13.1684443;;;fratelli Rinaldi S.N.C. di Matteo e Paolo Rinaldi;Gasolio;1.979;SelfService;20260705
50899;Agip;46.0248633;13.1684443;;;fratelli Rinaldi S.N.C. di Matteo e Paolo Rinaldi;Gasolio;2.189;Servito;20260704
50900;Esso;46.1044922;13.2296300;;;F.Lli Rinaldi S.N.C.di Matteo e Paolo Rinaldi;Benzina;1.899;SelfService;20260704
50900;Esso;46.1044922;13.2296300;;;F.Lli Rinaldi S.N.C.di Matteo e Paolo Rinaldi;Gasolio;1.959;SelfService;20260704
50900;Esso;46.1044922;13.2296300;;;F.Lli Rinaldi S.N.C.di Matteo e Paolo Rinaldi;Supreme Diesel;2.339;SelfService;20260704
50952;;46.0645392;13.2120296;;;Favaro Giulio;Benzina;1.849;SelfService;20260705
50952;;46.0645392;13.2120296;;;Favaro Giulio;Benzina;2.069;Servito;20260704
50952;;46.0645392;13.2120296;;;Favaro Giulio;Blue Diesel;2.049;SelfService;20260705
50952;;46.0645392;13.2120296;;;Favaro Giulio;Blue Diesel;2.269;Servito;20260704
50952;;46.0645392;13.2120296;;;Favaro Giulio;Gasolio;1.949;SelfService;20260705
50952;;46.0645392;13.2120296;;;Favaro Giulio;Gasolio;2.169;Servito;20260704
50952;;46.0645392;13.2120296;;;Favaro Giulio;HVOlution;1.949;SelfService;20260705
51155;IP;46.0970857;13.1972654;;;Virk Petrolio di Waseem Hayat;Benzina;1.829;Servito;20260704
51155;IP;46.0970857;13.1972654;;;Virk Petrolio di Waseem Hayat;GPL;0.736;Servito;20260704
51155;IP;46.0970857;13.1972654;;;Virk Petrolio di Waseem Hayat;Gasolio;1.899;Servito;20260704
51341;Esso Trieste;45.6400267;13.7889179;;;Mian S.N.C.di Davide e Francesco Mian;Benzina;1.899;SelfService;20260703
51341;Esso Trieste;45.6400267;13.7889179;;;Mian S.N.C.di Davide e Francesco Mian;Gasolio;1.999;SelfService;20260703
51341;Esso Trieste;45.6400267;13.7889179;;;Mian S.N.C.di Davide e Francesco Mian;Supreme Diesel;2.309;SelfService;20260703
51809;Eni;46.2035220;13.1204010;;;;Benzina;1.789;SelfService;20260705
51809;Eni;46.2035220;13.1204010;;;;Benzina;2.009;Servito;20260704
51809;Eni;46.2035220;13.1204010;;;;Blue Super;1.939;SelfService;20260705
51809;Eni;46.2035220;13.1204010;;;;Blue Super;2.159;Servito;20260704
51809;Eni;46.2035220;13.1204010;;;;Gasolio;1.889;SelfService;20260705
51809;Eni;46.2035220;13.1204010;;;;Gasolio;2.109;Servito;20260704
51809;Eni;46.2035220;13.1204010;;;;HVOlution;1.889;SelfService;20260705
51967;Azzalini energie;45.6056812;13.8075232;;;Azzalini energie;Benzina;1.879;Servito;20260704
51967;Azzalini energie;45.6056812;13.8075232;;;Azzalini energie;Benzina;1.879;SelfService;20260704
51967;Azzalini energie;45.6056812;13.8075232;;;Azzalini energie;Gasolio;1.969;Servito;20260704
51967;Azzalini energie;45.6056812;13.8075232;;;Azzalini energie;Gasolio;1.969;SelfService;20260704
52015;Eni;46.2060920;13.1883470;;;Astolfi Marco;Benzina;1.879;SelfService;20260704
52015;Eni;46.2060920;13.1883470;;;Astolfi Marco;Benzina;2.089;Servito;20260704
52015;Eni;46.2060920;13.1883470;;;Astolfi Marco;Blue Diesel;2.039;SelfService;20260704
52015;Eni;46.2060920;13.1883470;;;Astolfi Marco;Blue Diesel;2.249;Servito;20260704
52015;Eni;46.2060920;13.1883470;;;Astolfi Marco;GPL;0.819;Servito;20260704
52015;Eni;46.2060920;13.1883470;;;Astolfi Marco;Gasolio;1.939;SelfService;20260704
52015;Eni;46.2060920;13.1883470;;;Astolfi Marco;Gasolio;2.149;Servito;20260704
52227;;45.8824578;13.2582772;;;Eni Fuel S.P.A.;Benzina;1.929;SelfService;20260705
52227;;45.8824578;13.2582772;;;Eni Fuel S.P.A.;Benzina;2.149;Servito;20260705
52227;;45.8824578;13.2582772;;;Eni Fuel S.P.A.;Blue Diesel;2.109;SelfService;20260705
52227;;45.8824578;13.2582772;;;Eni Fuel S.P.A.;Blue Diesel;2.329;Servito;20260705
52227;;45.8824578;13.2582772;;;Eni Fuel S.P.A.;GPL;0.801;Servito;20260705
52227;;45.8824578;13.2582772;;;Eni Fuel S.P.A.;Gasolio;2.009;SelfService;20260705
52227;;45.8824578;13.2582772;;;Eni Fuel S.P.A.;Gasolio;2.229;Servito;20260705
52227;;45.8824578;13.2582772;;;Eni Fuel S.P.A.;HVOlution;2.009;SelfService;20260705
52227;;45.8824578;13.2582772;;;Eni Fuel S.P.A.;HVOlution;2.229;Servito;20260705
52240;Agip;46.1539002;13.2912666;;;Carrozzeria La Motta di Pecile Maurizio;Benzina;1.809;SelfService;20260630
52240;Agip;46.1539002;13.2912666;;;Carrozzeria La Motta di Pecile Maurizio;Blue Diesel;1.969;SelfService;20260630
52240;Agip;46.1539002;13.2912666;;;Carrozzeria La Motta di Pecile Maurizio;Gasolio;1.869;SelfService;20260630
52387;IP;46.0088700;13.3308100;;;Fuel Service S.A.S. di Valenti Mario & C.;Benzina;1.809;SelfService;20260704
52387;IP;46.0088700;13.3308100;;;Fuel Service S.A.S. di Valenti Mario & C.;Benzina;2.009;Servito;20260704
52387;IP;46.0088700;13.3308100;;;Fuel Service S.A.S. di Valenti Mario & C.;Gasolio;1.909;SelfService;20260704
52387;IP;46.0088700;13.3308100;;;Fuel Service S.A.S. di Valenti Mario & C.;Gasolio;2.109;Servito;20260704
52438;Tamoil;46.0283439;13.2588105;;;6979;Benzina WR 100;1.999;SelfService;20260705
52438;Tamoil;46.0283439;13.2588105;;;6979;Benzina WR 100;2.019;Servito;20260705
52438;Tamoil;46.0283439;13.2588105;;;6979;Benzina;1.849;SelfService;20260705
52438;Tamoil;46.0283439;13.2588105;;;6979;Benzina;1.869;Servito;20260705
52438;Tamoil;46.0283439;13.2588105;;;6979;Gasolio;1.929;SelfService;20260705
52438;Tamoil;46.0283439;13.2588105;;;6979;Gasolio;1.969;Servito;20260705
52438;Tamoil;46.0283439;13.2588105;;;6979;HVO;1.899;SelfService;20260705
52438;Tamoil;46.0283439;13.2588105;;;6979;HVO;1.939;Servito;20260705
52553;Q8;46.0929704;13.1918851;;;Muharremi Altin;Benzina;1.847;SelfService;20260704
52553;Q8;46.0929704;13.1918851;;;Muharremi Altin;Benzina;2.017;Servito;20260704
52553;Q8;46.0929704;13.1918851;;;Muharremi Altin;GPL;0.779;Servito;20260704
52553;Q8;46.0929704;13.1918851;;;Muharremi Altin;Gasolio;1.937;SelfService;20260704
52553;Q8;46.0929704;13.1918851;;;Muharremi Altin;Gasolio;2.107;Servito;20260704
52765;2P Carburanti;46.0933297;13.2318825;;;2p Udine;Benzina;1.839;Servito;20260703
52765;2P Carburanti;46.0933297;13.2318825;;;2p Udine;Benzina;1.839;SelfService;20260703
52765;2P Carburanti;46.0933297;13.2318825;;;2p Udine;Gasolio;1.919;Servito;20260703
52765;2P Carburanti;46.0933297;13.2318825;;;2p Udine;Gasolio;1.919;SelfService;20260703
52765;2P Carburanti;46.0933297;13.2318825;;;2p Udine;Metano;1.599;Servito;20260703
52765;2P Carburanti;46.0933297;13.2318825;;;2p Udine;Metano;1.599;SelfService;20260703
53066;Tamoil;45.7179015;13.0498053;;;T.D.M. S.R.L.;Benzina;1.879;SelfService;20260705
53066;Tamoil;45.7179015;13.0498053;;;T.D.M. S.R.L.;GPL;0.756;Servito;20260705
53066;Tamoil;45.7179015;13.0498053;;;T.D.M. S.R.L.;Gasolio;1.929;SelfService;20260705
53066;Tamoil;45.7179015;13.0498053;;;T.D.M. S.R.L.;HVO;1.899;SelfService;20260705
53341;IP;45.6393200;13.7603681;;;Geff S.r.l.;Benzina;1.859;SelfService;20260704
53341;IP;45.6393200;13.7603681;;;Geff S.r.l.;Gasolio;1.959;SelfService;20260704
53345;Eni;45.8951665;13.3092124;;;Eni Palmanova;Benzina;1.899;SelfService;20260704
53345;Eni;45.8951665;13.3092124;;;Eni Palmanova;Benzina;2.079;Servito;20260704
53345;Eni;45.8951665;13.3092124;;;Eni Palmanova;Gasolio;1.979;SelfService;20260704
53345;Eni;45.8951665;13.3092124;;;Eni Palmanova;Gasolio;2.139;Servito;20260704
53345;Eni;45.8951665;13.3092124;;;Eni Palmanova;HVOlution;1.979;SelfService;20260704
53345;Eni;45.8951665;13.3092124;;;Eni Palmanova;HVOlution;2.199;Servito;20260704
53483;Eni;45.8112749;13.5218318;;;Eni;Benzina;1.869;SelfService;20260705
53483;Eni;45.8112749;13.5218318;;;Eni;Benzina;2.089;Servito;20260704
53483;Eni;45.8112749;13.5218318;;;Eni;Blue Diesel;2.049;SelfService;20260705
53483;Eni;45.8112749;13.5218318;;;Eni;Blue Diesel;2.269;Servito;20260704
53483;Eni;45.8112749;13.5218318;;;Eni;Blue Super;1.999;SelfService;20260705
53483;Eni;45.8112749;13.5218318;;;Eni;Blue Super;2.219;Servito;20260705
53483;Eni;45.8112749;13.5218318;;;Eni;Gasolio;1.949;SelfService;20260705
53483;Eni;45.8112749;13.5218318;;;Eni;Gasolio;2.169;Servito;20260704
53525;IP;46.1497874;13.3440433;;;Cg Service di Cattarossi Gianluca;Benzina;1.819;Servito;20260704
53525;IP;46.1497874;13.3440433;;;Cg Service di Cattarossi Gianluca;Gasolio;1.899;Servito;20260704
53643;;46.1535669;13.2186863;;;Impianto Ip Tricesimo - Fuel Service S.A.S.;Benzina;1.899;SelfService;20260704
53643;;46.1535669;13.2186863;;;Impianto Ip Tricesimo - Fuel Service S.A.S.;Gasolio;1.999;SelfService;20260704
53727;Esso Sgonico;45.7185651;13.7299462;;;Alfamax S.a.s. di Ghiretti Andrea & Zorzin F.;Benzina;1.879;SelfService;20260705
53727;Esso Sgonico;45.7185651;13.7299462;;;Alfamax S.a.s. di Ghiretti Andrea & Zorzin F.;Benzina;2.059;Servito;20260704
53727;Esso Sgonico;45.7185651;13.7299462;;;Alfamax S.a.s. di Ghiretti Andrea & Zorzin F.;Gasolio;1.969;SelfService;20260705
53727;Esso Sgonico;45.7185651;13.7299462;;;Alfamax S.a.s. di Ghiretti Andrea & Zorzin F.;Gasolio;2.129;Servito;20260704
53730;Retitalia;46.4152831;12.7967519;;;Leonardo Frare;Benzina;1.939;Servito;20260704
53730;Retitalia;46.4152831;12.7967519;;;Leonardo Frare;Benzina;1.939;SelfService;20260704
53730;Retitalia;46.4152831;12.7967519;;;Leonardo Frare;Gasolio;2.019;Servito;20260704
53730;Retitalia;46.4152831;12.7967519;;;Leonardo Frare;Gasolio;2.019;SelfService;20260704
56294;Costantin;46.0489086;12.6580934;;;Martinel Franco;Benzina;1.898;SelfService;20260701
56294;Costantin;46.0489086;12.6580934;;;Martinel Franco;Gasolio;2.019;SelfService;20260701
58569;56062 Udine;46.0875018;13.2331962;;;Enimoov S.p.A.;Benzina;1.789;SelfService;20260705
58569;56062 Udine;46.0875018;13.2331962;;;Enimoov S.p.A.;Benzina;2.009;Servito;20260704
58569;56062 Udine;46.0875018;13.2331962;;;Enimoov S.p.A.;Blue Diesel;1.989;SelfService;20260705
58569;56062 Udine;46.0875018;13.2331962;;;Enimoov S.p.A.;Blue Diesel;2.209;Servito;20260704
58569;56062 Udine;46.0875018;13.2331962;;;Enimoov S.p.A.;Gasolio;1.889;SelfService;20260705
58569;56062 Udine;46.0875018;13.2331962;;;Enimoov S.p.A.;Gasolio;2.109;Servito;20260704
58569;56062 Udine;46.0875018;13.2331962;;;Enimoov S.p.A.;HVOlution;1.889;SelfService;20260705
6856;Q8;46.0595279;13.2200005;;;Sclippa Lino;Benzina;1.850;Servito;20260704
6856;Q8;46.0595279;13.2200005;;;Sclippa Lino;GPL;0.765;Servito;20260704
6856;Q8;46.0595279;13.2200005;;;Sclippa Lino;Gasolio;1.950;Servito;20260704
6856;Q8;46.0595279;13.2200005;;;Sclippa Lino;Hi-Q Diesel;2.250;Servito;20260704
6856;Q8;46.0595279;13.2200005;;;Sclippa Lino;HiQ Perform+;2.150;Servito;20260704
6987;IP;46.0396718;13.2529196;;;Jetrent S.R.L.;Benzina;1.848;SelfService;20260704
6987;IP;46.0396718;13.2529196;;;Jetrent S.R.L.;GPL;0.749;Servito;20260704
6987;IP;46.0396718;13.2529196;;;Jetrent S.R.L.;Gasolio;1.898;SelfService;20260704
7261;Q8 Easy;45.9643929;12.6728282;;;Servizi & Gestioni Italia S.R.L.;Benzina;1.879;SelfService;20260704
7261;Q8 Easy;45.9643929;12.6728282;;;Servizi & Gestioni Italia S.R.L.;Gasolio;1.949;SelfService;20260704
7262;Q8;45.9313921;12.8714185;;;Servizi & Gestioni Italia S.R.L.;Benzina;1.859;SelfService;20260704
7262;Q8;45.9313921;12.8714185;;;Servizi & Gestioni Italia S.R.L.;GPL;0.776;Servito;20260704
7262;Q8;45.9313921;12.8714185;;;Servizi & Gestioni Italia S.R.L.;Gasolio;1.939;SelfService;20260704
7267;Q8easy;46.0897890;13.1448520;;;Servizi & Gestioni Italia S.R.L.;Benzina;1.858;SelfService;20260704
7267;Q8easy;46.0897890;13.1448520;;;Servizi & Gestioni Italia S.R.L.;GPL;0.716;Servito;20260704
7267;Q8easy;46.0897890;13.1448520;;;Servizi & Gestioni Italia S.R.L.;Gasolio;1.928;SelfService;20260704
7269;Q8 Easy;46.4203023;13.0210435;;;Servizi & Gestioni Italia S.R.L.;Benzina;1.819;SelfService;20260704
7269;Q8 Easy;46.4203023;13.0210435;;;Servizi & Gestioni Italia S.R.L.;GPL;0.776;Servito;20260704
7269;Q8 Easy;46.4203023;13.0210435;;;Servizi & Gestioni Italia S.R.L.;Gasolio;1.919;SelfService;20260704
7283;Q8;45.8223266;13.2149654;;;Servizi & Gestioni Italia S.R.L.;Benzina;1.849;SelfService;20260704
7283;Q8;45.8223266;13.2149654;;;Servizi & Gestioni Italia S.R.L.;GPL;0.755;Servito;20260704
7283;Q8;45.8223266;13.2149654;;;Servizi & Gestioni Italia S.R.L.;Gasolio;1.929;SelfService;20260704
7293;Q8 Easy;46.0230701;13.2724298;;;Servizi & Gestioni Italia S.R.L.;Benzina;1.858;SelfService;20260704
7293;Q8 Easy;46.0230701;13.2724298;;;Servizi & Gestioni Italia S.R.L.;GPL;0.746;Servito;20260704
7293;Q8 Easy;46.0230701;13.2724298;;;Servizi & Gestioni Italia S.R.L.;Gasolio;1.919;SelfService;20260704
7366;Eni;46.1049231;13.2617815;;;fratelli Giliberti S.N.C. di Giliberti Luca & Tiziano;Benzina;1.874;SelfService;20260705
7366;Eni;46.1049231;13.2617815;;;fratelli Giliberti S.N.C. di Giliberti Luca & Tiziano;Benzina;2.084;Servito;20260704
7366;Eni;46.1049231;13.2617815;;;fratelli Giliberti S.N.C. di Giliberti Luca & Tiziano;Blue Diesel;2.341;SelfService;20260705
7366;Eni;46.1049231;13.2617815;;;fratelli Giliberti S.N.C. di Giliberti Luca & Tiziano;Blue Diesel;2.551;Servito;20260704
7366;Eni;46.1049231;13.2617815;;;fratelli Giliberti S.N.C. di Giliberti Luca & Tiziano;Gasolio;1.950;SelfService;20260705
7366;Eni;46.1049231;13.2617815;;;fratelli Giliberti S.N.C. di Giliberti Luca & Tiziano;Gasolio;2.160;Servito;20260704
7481;Esso;45.9638050;12.6503506;;;Tesolin Fabio;Benzina;1.869;SelfService;20260703
7481;Esso;45.9638050;12.6503506;;;Tesolin Fabio;Gasolio;1.939;SelfService;20260703
8420;Eni;46.1517115;12.6614450;;;Chiaranda Walter;Benzina;1.909;SelfService;20260705
8420;Eni;46.1517115;12.6614450;;;Chiaranda Walter;Benzina;2.131;Servito;20260704
8420;Eni;46.1517115;12.6614450;;;Chiaranda Walter;Blue Diesel;2.059;SelfService;20260705
8420;Eni;46.1517115;12.6614450;;;Chiaranda Walter;Blue Diesel;2.281;Servito;20260704
8420;Eni;46.1517115;12.6614450;;;Chiaranda Walter;Gasolio;1.959;SelfService;20260705
8420;Eni;46.1517115;12.6614450;;;Chiaranda Walter;Gasolio;2.181;Servito;20260704
8684;Eni;45.9600500;12.5121000;;;;Benzina;1.849;SelfService;20260705
8684;Eni;45.9600500;12.5121000;;;;Benzina;2.059;Servito;20260704
8684;Eni;45.9600500;12.5121000;;;;Blue Diesel;2.049;SelfService;20260705
8684;Eni;45.9600500;12.5121000;;;;Blue Diesel;2.259;Servito;20260704
8684;Eni;45.9600500;12.5121000;;;;Blue Super;1.999;SelfService;20260705
8684;Eni;45.9600500;12.5121000;;;;Gasolio;1.949;SelfService;20260705
8684;Eni;45.9600500;12.5121000;;;;Gasolio;2.159;Servito;20260704
8684;Eni;45.9600500;12.5121000;;;;HVOlution;1.949;SelfService;20260705
8688;Agip;46.0406755;12.5418313;;;Ema.Tom di Quaia Elio e C. S.A.S.;Benzina;1.969;SelfService;20260704
8688;Agip;46.0406755;12.5418313;;;Ema.Tom di Quaia Elio e C. S.A.S.;Benzina;2.179;Servito;20260704
8688;Agip;46.0406755;12.5418313;;;Ema.Tom di Quaia Elio e C. S.A.S.;Blue Diesel;2.159;SelfService;20260704
8688;Agip;46.0406755;12.5418313;;;Ema.Tom di Quaia Elio e C. S.A.S.;Blue Diesel;2.369;Servito;20260704
8688;Agip;46.0406755;12.5418313;;;Ema.Tom di Quaia Elio e C. S.A.S.;Blue Super;1.999;SelfService;20260704
8688;Agip;46.0406755;12.5418313;;;Ema.Tom di Quaia Elio e C. S.A.S.;Blue Super;2.209;Servito;20260704
8688;Agip;46.0406755;12.5418313;;;Ema.Tom di Quaia Elio e C. S.A.S.;Gasolio;2.019;SelfService;20260704
8688;Agip;46.0406755;12.5418313;;;Ema.Tom di Quaia Elio e C. S.A.S.;Gasolio;2.229;Servito;20260704
8854;Eni;46.1398348;13.2216678;;;;Benzina;1.854;SelfService;20260705
8854;Eni;46.1398348;13.2216678;;;;Benzina;2.074;Servito;20260704
8854;Eni;46.1398348;13.2216678;;;;Blue Diesel;2.049;SelfService;20260705
8854;Eni;46.1398348;13.2216678;;;;Blue Diesel;2.269;Servito;20260704
8854;Eni;46.1398348;13.2216678;;;;Gasolio;1.949;SelfService;20260705
8854;Eni;46.1398348;13.2216678;;;;Gasolio;2.169;Servito;20260704
9001;Q8;46.0630539;12.5977319;;;Servizi & Gestioni Italia S.R.L.;Benzina;1.879;SelfService;20260704
9001;Q8;46.0630539;12.5977319;;;Servizi & Gestioni Italia S.R.L.;Gasolio;1.949;SelfService;20260704
9002;Presani Marco;46.1000861;13.4423999;;;Servizi & Gestioni Italia S.R.L.;Benzina;1.858;SelfService;20260704
9002;Presani Marco;46.1000861;13.4423999;;;Servizi & Gestioni Italia S.R.L.;Gasolio;1.938;SelfService;20260704
9038;Eni;46.3267802;13.1341130;;;Di Bernardo Delia & Alba S.N.C.;Benzina;1.879;Servito;20260704
9038;Eni;46.3267802;13.1341130;;;Di Bernardo Delia & Alba S.N.C.;Benzina;1.879;SelfService;20260704
9038;Eni;46.3267802;13.1341130;;;Di Bernardo Delia & Alba S.N.C.;Blue Diesel;2.039;Servito;20260704
9038;Eni;46.3267802;13.1341130;;;Di Bernardo Delia & Alba S.N.C.;Blue Diesel;2.039;SelfService;20260704
9038;Eni;46.3267802;13.1341130;;;Di Bernardo Delia & Alba S.N.C.;Gasolio;1.939;Servito;20260704
9038;Eni;46.3267802;13.1341130;;;Di Bernardo Delia & Alba S.N.C.;Gasolio;1.939;SelfService;20260704
9179;Fly;46.0926934;13.0730984;;;Lb di Lauzzana Rita;Benzina;1.829;Servito;20260704
9179;Fly;46.0926934;13.0730984;;;Lb di Lauzzana Rita;Benzina;1.829;SelfService;20260704
9179;Fly;46.0926934;13.0730984;;;Lb di Lauzzana Rita;Gasolio;1.899;Servito;20260704
9179;Fly;46.0926934;13.0730984;;;Lb di Lauzzana Rita;Gasolio;1.899;SelfService;20260704
9575;Tamoil;45.9652460;12.9644680;;;Tigi S.A.S. di Tribos Giovanni & C.;Benzina;1.849;Servito;20260704
9575;Tamoil;45.9652460;12.9644680;;;Tigi S.A.S. di Tribos Giovanni & C.;Benzina;1.849;SelfService;20260704
9575;Tamoil;45.9652460;12.9644680;;;Tigi S.A.S. di Tribos Giovanni & C.;Gasolio;1.929;SelfService;20260704
9575;Tamoil;45.9652460;12.9644680;;;Tigi S.A.S. di Tribos Giovanni & C.;Gasolio;1.949;Servito;20260704
9737;Esso;45.6253684;13.7953265;;;Riva Stefano;Benzina;1.939;Servito;20260704
9737;Esso;45.6253684;13.7953265;;;Riva Stefano;Benzina;1.939;SelfService;20260704
9737;Esso;45.6253684;13.7953265;;;Riva Stefano;Gasolio Premium;2.349;Servito;20260704
9737;Esso;45.6253684;13.7953265;;;Riva Stefano;Gasolio Premium;2.349;SelfService;20260704
9737;Esso;45.6253684;13.7953265;;;Riva Stefano;Gasolio;2.139;Servito;20260704
9737;Esso;45.6253684;13.7953265;;;Riva Stefano;Gasolio;2.139;SelfService;20260704
9834;Esso;46.1606724;13.0032206;;;Fioretto Mario;Benzina;1.959;Servito;20260704
9834;Esso;46.1606724;13.0032206;;;Fioretto Mario;Benzina;1.959;SelfService;20260704
9834;Esso;46.1606724;13.0032206;;;Fioretto Mario;Gasolio Premium;2.149;Servito;20260704
9834;Esso;46.1606724;13.0032206;;;Fioretto Mario;Gasolio Premium;2.149;SelfService;20260704
9834;Esso;46.1606724;13.0032206;;;Fioretto Mario;Gasolio;2.029;Servito;20260704
9834;Esso;46.1606724;13.0032206;;;Fioretto Mario;Gasolio;2.029;SelfService;20260704
9917;IP;46.0705516;13.1966348;;;Stazione di Servizio Ip di Bacinello Alfio e Mauro S.N.C.;Benzina;1.839;Servito;20260704
9917;IP;46.0705516;13.1966348;;;Stazione di Servizio Ip di Bacinello Alfio e Mauro S.N.C.;Gasolio;1.899;Servito;20260704
